,Personal income,Compensation of employees,Wages and salaries,Private industries,Government,Supplements to wages and salaries,Employer contributions for employee pension and insurance funds1,Employer contributions for government social insurance,Proprietors' income with inventory valuation and capital consumption adjustments,Farm,Nonfarm,Rental income of persons with capital consumption adjustment,Personal income receipts on assets,Personal interest income,Personal dividend income,Personal current transfer receipts,Government social benefits to persons,Social security2,Medicare3,Medicaid,Unemployment insurance,Veterans' benefits,Other,"Other current transfer receipts, from business (net)","Less: Contributions for government social insurance, domestic",Less: Personal current taxes,Equals: Disposable personal income,Less: Personal outlays,Personal consumption expenditures,Personal interest payments4,Personal current transfer payments,To government,To the rest of the world (net),Equals: Personal saving,Personal saving as a percentage of disposable personal income,Addenda:,"Personal income excluding current transfer receipts, billions of chained (2012) dollars5",Disposable personal income:,"Total, billions of chained (2012) dollars5",Per capita:,Current dollars,Chained (2012) dollars,"Population (midperiod, thousands)",Percent change from preceding period:,"Disposable personal income, current dollars","Disposable personal income, chained (2012) dollars"
,5807.9,3913.4,3152.7,2551.6,601.1,760.7,511.4,249.3,450.2,41.8,408.4,109.0,1015.2,790.3,224.9,818.1,805.3,308.8,156.9,136.6,28.0,19.7,155.4,12.8,498.0,673.7,5134.3,4783.9,4621.2,114.1,48.6,30.1,18.5,350.4,6.8,,7173.0,,7380.7,,19578,28144,262250,,4.1,2.7
,5912.7,3991.5,3223.3,2616.2,607.2,768.2,515.4,252.8,454.1,36.7,417.5,113.5,1035.9,802.9,233.0,822.9,810.1,311.8,162.2,137.1,24.4,19.6,155.0,12.8,505.1,697.8,5214.9,4850.1,4683.2,117.4,49.6,30.7,18.9,364.8,7.0,,7276.3,,7455.0,,19827,28344,263020,,6.4,4.1
,5978.4,4031.8,3258.7,2646.2,612.5,773.0,517.6,255.5,456.8,32.1,424.6,116.3,1057.7,818.5,239.2,826.9,813.6,313.0,167.1,136.2,22.1,19.8,155.6,13.2,511.0,695.4,5283.0,4925.8,4752.8,122.7,50.3,31.2,19.1,357.2,6.8,,7311.8,,7498.5,,20021,28417,263870,,5.3,2.4
,6089.4,4088.1,3311.6,2694.4,617.2,776.5,517.4,259.0,465.5,28.1,437.4,115.9,1090.4,846.8,243.6,848.0,833.8,315.1,171.6,147.8,21.3,19.8,158.1,14.2,518.5,705.4,5384.0,5002.8,4826.7,125.2,50.9,31.6,19.3,381.2,7.1,,7404.7,,7606.1,,20342,28737,264678,,7.9,5.9
,6181.2,4134.4,3358.1,2735.7,622.4,776.3,515.6,260.8,467.4,20.3,447.1,118.3,1112.7,865.8,246.9,874.0,857.9,324.8,175.7,152.5,20.9,20.6,163.5,16.0,525.5,724.6,5456.6,5042.6,4862.4,129.3,50.8,31.9,18.9,414.0,7.6,,7461.1,,7671.1,,20561,28905,265388,,5.5,3.5
,6250.7,4172.9,3395.2,2767.7,627.5,777.7,514.9,262.8,472.0,18.4,453.6,121.6,1130.9,878.5,252.4,883.5,865.6,327.5,179.6,152.5,21.6,20.5,164.0,17.8,530.0,746.8,5503.9,5124.1,4933.6,139.2,51.3,32.3,18.9,379.9,6.9,,7501.8,,7692.8,,20680,28905,266142,,3.5,1.1
,6329.3,4219.7,3438.9,2808.0,630.9,780.8,515.6,265.3,484.5,21.4,463.1,125.7,1144.3,883.6,260.7,890.4,870.7,328.6,183.2,152.7,22.0,20.6,163.7,19.6,535.4,752.2,5577.0,5195.4,4998.7,143.7,53.0,32.9,20.2,381.6,6.8,,7571.0,,7763.3,,20888,29076,267000,,5.4,3.7
,6404.3,4265.3,3479.9,2844.6,635.3,785.4,517.8,267.7,501.0,28.1,472.9,134.0,1158.4,886.5,271.9,886.0,864.6,329.8,186.5,140.7,22.5,20.5,164.7,21.4,540.3,770.0,5634.3,5261.6,5055.7,149.5,56.5,33.5,23.0,372.7,6.6,,7647.9,,7808.7,,21038,29157,267820,,4.2,2.4
,6521.0,4314.5,3524.4,2884.4,640.0,790.1,521.0,269.1,523.3,36.9,486.4,139.5,1170.8,885.7,285.1,916.0,893.2,339.1,189.6,151.3,23.0,21.4,168.8,22.8,543.2,801.7,5719.2,5337.7,5130.6,151.7,55.5,34.0,21.4,381.5,6.7,,7725.1,,7882.6,,21302,29359,268487,,6.2,3.8
,6649.8,4387.5,3590.0,2944.3,645.6,797.6,524.4,273.2,547.5,44.2,503.3,141.6,1188.5,891.0,297.4,936.4,912.9,341.4,192.9,165.8,22.7,21.7,168.4,23.5,551.6,839.6,5810.3,5432.5,5220.5,154.7,57.3,34.6,22.7,377.8,6.5,,7822.4,,7954.9,,21579,29545,269251,,6.5,3.7
,6725.9,4451.2,3647.2,2996.5,650.7,804.0,527.3,276.7,547.5,33.5,514.0,143.7,1210.7,902.4,308.3,931.8,908.5,342.6,196.5,158.8,21.6,21.3,167.7,23.2,559.0,843.5,5882.3,5492.0,5274.5,159.3,58.2,35.2,22.9,390.4,6.6,,7899.0,,8019.3,,21776,29687,270128,,5.1,3.3
,6817.5,4514.5,3704.3,3048.2,656.0,810.2,530.0,280.3,556.8,34.7,522.1,145.3,1234.7,916.8,317.9,932.6,910.7,344.9,200.4,156.9,21.7,21.4,165.4,21.9,566.5,863.5,5954.0,5574.5,5352.8,162.4,59.3,35.8,23.5,379.4,6.4,,7968.5,,8062.0,,21971,29750,270991,,5.0,2.1
,6939.4,4592.4,3776.4,3114.1,662.3,816.0,532.7,283.3,575.6,37.8,537.8,144.2,1251.4,925.1,326.2,950.2,930.5,353.9,204.4,161.4,21.0,22.4,167.4,19.7,574.4,902.1,6037.2,5658.1,5433.1,162.7,62.3,37.2,25.1,379.1,6.3,,8074.0,,8138.8,,22220,29954,271709,,5.7,3.9
,7022.3,4660.0,3835.6,3167.7,668.0,824.3,537.4,286.9,575.1,28.1,547.0,144.6,1274.5,940.2,334.2,950.0,931.3,355.9,207.1,159.4,20.4,22.2,166.4,18.7,581.9,916.2,6106.0,5702.5,5471.3,168.0,63.1,38.0,25.1,403.6,6.6,,8165.6,,8211.0,,22409,30133,272487,,4.6,3.6
,7135.3,4738.9,3903.0,3228.9,674.1,835.9,544.7,291.2,588.5,32.4,556.1,147.4,1294.9,952.9,341.9,956.2,937.2,357.5,208.3,163.7,19.6,22.2,165.9,19.0,590.5,941.1,6194.2,5815.8,5579.2,172.5,64.2,38.6,25.6,378.4,6.1,,8287.4,,8307.6,,22657,30387,273391,,5.9,4.8
,7273.0,4844.0,3992.4,3309.2,683.2,851.6,554.7,297.0,596.6,31.2,565.4,152.1,1319.4,970.1,349.3,963.1,942.7,359.1,207.9,168.0,19.4,22.4,165.8,20.4,602.2,967.8,6305.2,5905.2,5663.6,175.8,65.8,39.0,26.8,400.0,6.3,,8436.3,,8429.9,,22991,30739,274246,,7.4,6.0
,7434.6,4942.0,4074.9,3385.1,689.8,867.1,566.7,300.4,617.4,27.9,589.5,156.8,1353.9,998.4,355.6,974.7,951.8,366.6,206.4,167.2,19.4,23.3,168.8,22.8,610.3,996.1,6438.4,5961.5,5721.3,174.2,65.9,39.1,26.9,476.9,7.4,,8636.1,,8607.4,,23417,31305,274950,,8.7,8.7
,7561.1,5028.3,4145.5,3448.1,697.4,882.8,578.0,304.9,629.6,26.4,603.2,162.6,1379.1,1020.9,358.2,981.1,956.0,368.2,205.3,170.0,19.3,23.2,169.9,25.1,619.7,1022.4,6538.7,6082.6,5832.6,182.0,68.1,39.3,28.7,456.1,7.0,,8780.8,,8725.8,,23716,31649,275703,,6.4,5.6
,7668.1,5114.9,4217.4,3511.8,705.6,897.4,587.9,309.5,645.0,26.6,618.4,168.0,1385.2,1028.4,356.8,984.5,957.4,370.7,205.0,168.1,20.3,23.2,170.1,27.1,629.5,1043.2,6624.9,6181.1,5926.8,183.9,70.4,40.0,30.4,443.8,6.7,,8891.8,,8813.7,,23954,31868,276564,,5.4,4.1
,7762.9,5199.4,4288.7,3576.2,712.4,910.7,596.6,314.1,668.7,33.0,635.7,173.4,1365.3,1014.1,351.2,995.4,966.4,371.2,205.5,175.4,19.8,23.4,171.2,28.9,639.2,1068.0,6694.9,6285.6,6028.2,183.6,73.7,41.1,32.7,409.3,6.1,,8979.8,,8883.4,,24134,32024,277400,,4.3,3.2
,7859.1,5287.0,4364.6,3646.5,718.1,922.3,604.1,318.2,681.9,33.6,648.3,176.1,1349.7,1006.5,343.2,1014.6,983.4,377.0,206.6,181.1,20.8,24.2,173.7,31.2,650.2,1077.9,6781.2,6358.1,6102.0,182.5,73.6,42.3,31.3,423.1,6.2,,9064.4,,8980.4,,24384,32292,278103,,5.3,4.4
,7922.9,5343.9,4409.3,3682.3,727.0,934.6,613.9,320.7,690.1,28.1,661.9,179.6,1347.3,1006.8,340.5,1017.8,985.0,378.9,207.9,179.1,20.9,24.1,174.0,32.8,655.7,1095.2,6827.8,6496.9,6230.6,189.9,76.4,43.5,32.9,330.8,4.8,,9092.9,,8991.1,,24484,32242,278864,,2.8,0.5
,8038.3,5424.0,4473.7,3735.1,738.6,950.3,626.3,324.0,699.8,26.2,673.6,179.4,1367.2,1022.0,345.2,1030.9,996.1,380.8,209.4,186.7,20.3,24.1,174.8,34.8,663.0,1120.6,6917.7,6604.6,6335.3,192.9,76.5,44.7,31.8,313.1,4.5,,9177.2,,9059.7,,24728,32385,279751,,5.4,3.1
,8206.9,5555.9,4584.1,3832.7,751.4,971.8,641.4,330.5,713.9,24.5,689.4,178.9,1393.0,1035.7,357.4,1041.4,1004.3,382.7,211.0,191.3,20.0,24.1,175.1,37.1,676.2,1154.0,7052.9,6743.8,6467.0,197.8,78.9,45.8,33.1,309.1,4.4,,9327.5,,9181.0,,25136,32720,280592,,8.0,5.5
,8443.3,5749.2,4751.5,3986.3,765.2,997.7,657.1,340.6,720.9,27.1,693.9,179.8,1432.6,1058.2,374.4,1056.7,1016.9,392.5,213.0,190.2,20.5,25.1,175.6,39.8,696.0,1208.8,7234.6,6902.9,6618.2,205.6,79.1,46.9,32.2,331.7,4.6,,9537.8,,9341.5,,25718,33208,281304,,10.7,7.2
,8586.0,5791.7,4779.1,4000.5,778.6,1012.7,671.3,341.4,751.3,33.4,717.9,180.2,1477.5,1091.8,385.7,1083.7,1042.3,404.7,216.1,198.3,20.0,24.9,178.3,41.5,698.4,1230.2,7355.9,7004.5,6711.9,210.4,82.1,48.1,34.0,351.4,4.8,,9641.2,,9453.0,,26084,33521,282002,,6.9,4.9
,8746.9,5903.9,4871.3,4087.5,783.8,1032.7,684.6,348.1,760.8,31.9,728.9,182.9,1512.9,1123.8,389.1,1098.0,1054.7,403.9,220.7,204.8,20.6,24.9,179.9,43.3,711.6,1247.7,7499.2,7127.7,6820.0,224.1,83.6,49.3,34.3,371.5,5.0,,9766.5,,9575.4,,26521,33863,282769,,8.0,5.3
,8847.4,5943.7,4898.0,4106.4,791.5,1045.8,694.9,350.8,782.4,33.7,748.7,191.0,1536.8,1152.0,384.8,1110.8,1065.6,404.5,226.7,204.8,21.9,25.1,182.7,45.2,717.3,1258.7,7588.7,7237.5,6918.6,230.9,88.1,50.6,37.5,351.2,4.6,,9822.7,,9634.9,,26766,33983,283518,,4.9,2.5
,9009.2,6050.1,4979.5,4177.7,801.8,1070.7,712.9,357.8,809.8,34.0,775.7,197.1,1528.9,1155.9,373.0,1155.6,1107.8,420.8,233.8,215.0,25.5,26.0,186.6,47.9,732.3,1301.9,7707.3,7315.0,6995.3,230.8,88.9,51.5,37.3,392.3,5.1,,9897.7,,9713.4,,27122,34182,284169,,6.4,3.3
,9032.4,6040.9,4961.4,4147.4,814.0,1079.5,721.6,358.0,827.7,32.5,795.2,202.6,1507.0,1139.8,367.2,1187.4,1139.1,422.7,240.4,230.1,28.4,26.3,191.3,48.3,733.1,1308.9,7723.6,7361.9,7042.3,229.1,90.6,52.5,38.1,361.7,4.7,,9840.8,,9688.4,,27116,34014,284838,,0.8,-1.0
,9009.7,6024.6,4935.9,4107.0,828.9,1088.6,731.2,357.4,845.6,32.6,813.0,204.8,1474.9,1109.1,365.8,1192.2,1145.2,428.4,245.8,217.4,33.1,26.4,194.1,47.0,732.4,1113.6,7896.1,7389.1,7070.3,226.2,92.5,53.4,39.2,507.0,6.4,,9801.2,,9899.7,,27649,34665,285584,,9.2,9.0
,8999.9,6037.8,4937.8,4094.4,843.3,1100.0,741.3,358.7,840.9,29.2,811.7,205.1,1416.0,1044.5,371.4,1235.2,1191.2,428.5,250.3,246.5,40.6,27.6,197.7,43.9,735.0,1231.8,7768.1,7497.9,7187.3,216.5,94.0,54.3,39.7,270.2,3.5,,9731.1,,9735.3,,27132,34003,286311,,-6.3,-6.5
,9041.5,6060.7,4945.9,4090.7,855.1,1114.9,753.2,361.6,859.5,17.7,841.8,207.3,1397.0,1011.5,385.5,1260.0,1221.0,442.9,254.1,244.9,42.8,28.6,207.6,39.1,743.1,1075.2,7966.4,7520.6,7217.7,207.8,95.1,55.2,40.0,445.7,5.6,,9732.7,,9963.9,,27764,34725,286935,,10.6,9.7
,9141.3,6129.1,4998.3,4130.2,868.2,1130.8,764.8,366.0,864.5,13.6,850.9,208.9,1408.1,1010.6,397.5,1282.3,1247.1,445.5,257.9,243.8,60.5,29.3,210.1,35.2,751.5,1051.0,8090.3,7606.2,7308.0,202.4,95.8,56.0,39.8,484.2,6.0,,9757.4,,10044.6,,28133,34929,287574,,6.4,3.3
,9188.4,6156.9,5012.1,4132.3,879.8,1144.8,777.3,367.5,872.9,21.8,851.2,207.7,1413.1,1010.8,402.2,1292.1,1259.9,448.1,261.6,251.1,56.9,29.9,212.3,32.3,754.3,1044.1,8144.2,7691.0,7397.1,197.3,96.6,56.8,39.8,453.2,5.6,,9753.2,,10059.5,,28249,34892,288303,,2.7,0.6
,9272.6,6193.7,5027.1,4138.7,888.4,1166.6,797.6,369.0,883.3,27.8,855.5,209.9,1436.3,1026.3,410.0,1306.4,1276.2,451.2,265.2,260.3,53.7,30.4,215.4,30.2,757.0,1038.4,8234.2,7767.3,7473.0,194.8,99.5,57.6,42.0,466.8,5.7,,9793.9,,10123.4,,28491,35028,289007,,4.5,2.6
,9313.6,6213.2,5027.0,4125.8,901.2,1186.2,812.2,374.0,876.3,29.9,846.4,218.7,1444.5,1034.9,409.6,1324.2,1294.6,458.1,268.9,260.7,51.8,31.2,224.0,29.6,763.3,1021.3,8292.3,7859.7,7567.2,194.4,98.1,58.5,39.6,432.6,5.2,,9748.0,,10117.5,,28633,34935,289609,,2.9,-0.2
,9425.6,6307.3,5101.4,4189.4,911.9,1205.9,826.2,379.8,892.4,37.3,855.1,223.2,1436.1,1025.0,411.1,1340.6,1312.6,463.1,273.4,260.1,55.2,31.7,229.0,28.0,773.9,1020.8,8404.8,7957.7,7661.5,196.3,100.0,59.7,40.3,447.1,5.3,,9854.8,,10244.6,,28957,35295,290253,,5.5,5.1
,9559.0,6393.7,5168.7,4251.0,917.8,1225.0,839.9,385.0,905.3,39.8,865.5,227.5,1455.3,1020.7,434.5,1361.0,1335.5,464.8,279.0,271.7,54.2,32.2,233.7,25.5,783.8,950.7,8608.3,8117.1,7820.9,196.8,99.4,61.1,38.3,491.2,5.7,,9927.1,,10424.0,,29584,35825,290974,,10.0,7.2
,9695.8,6500.2,5256.0,4331.0,924.9,1244.3,852.8,391.4,916.1,41.5,874.5,239.0,1473.4,1000.0,473.4,1363.2,1341.2,468.1,285.5,265.7,51.5,32.2,238.2,22.0,796.1,1021.3,8674.5,8218.8,7913.5,198.5,106.9,62.7,44.1,455.7,5.3,,10040.8,,10452.8,,29741,35838,291669,,3.1,1.1
,9792.4,6541.3,5274.5,4337.9,936.6,1266.8,868.0,398.8,946.5,56.3,890.3,243.0,1473.6,960.1,513.5,1397.1,1379.6,479.7,293.0,283.4,42.3,33.3,248.0,17.5,809.2,1012.3,8780.1,8356.6,8048.8,200.5,107.3,64.8,42.5,423.5,4.8,,10039.0,,10499.2,,30045,35927,292237,,5.0,1.8
,9957.8,6668.5,5380.7,4432.5,948.3,1287.7,881.6,406.1,963.0,55.3,907.8,243.4,1490.5,949.5,541.0,1416.0,1400.6,484.8,300.4,293.0,35.9,33.7,252.7,15.4,823.6,1026.8,8931.0,8460.5,8147.1,202.8,110.6,66.4,44.3,470.5,5.3,,10146.0,,10608.3,,30494,36221,292875,,7.1,4.2
,10103.6,6803.7,5492.8,4536.1,956.6,1310.9,897.1,413.9,964.2,47.1,917.1,241.8,1507.5,960.8,546.7,1425.5,1409.8,486.2,308.6,288.3,34.7,34.4,257.7,15.7,839.2,1064.4,9039.2,8603.8,8283.3,207.9,112.6,67.7,45.0,435.4,4.8,,10257.4,,10684.3,,30787,36390,293603,,4.9,2.9
,10323.3,6864.5,5536.1,4568.2,967.9,1328.4,912.2,416.2,977.8,50.9,926.8,242.9,1636.7,991.2,645.5,1446.3,1427.9,491.4,315.4,294.5,32.9,34.8,258.8,18.4,844.9,1091.6,9231.7,8779.3,8448.6,217.9,112.8,68.7,44.1,452.4,4.9,,10403.6,,10819.3,,31365,36759,294334,,8.8,5.2
,10345.2,6926.3,5574.6,4596.8,977.8,1351.6,930.6,421.1,957.1,47.6,909.5,233.7,1598.1,1044.0,554.1,1488.1,1464.4,506.5,323.2,301.3,32.1,36.0,265.4,23.7,858.1,1172.3,9172.9,8891.0,8551.7,227.7,111.6,70.3,41.3,281.9,3.1,,10320.2,,10688.3,,31099,36237,294957,,-2.5,-4.8
,10516.8,7005.6,5637.8,4651.7,986.1,1367.7,943.1,424.6,964.1,51.2,913.0,231.2,1669.6,1100.8,568.7,1512.6,1486.0,512.9,329.2,310.8,30.9,36.2,266.0,26.7,866.3,1196.3,9320.5,9054.8,8701.1,234.9,118.8,71.2,47.7,265.6,2.9,,10425.7,,10792.0,,31532,36510,295588,,6.6,3.9
,10686.1,7122.6,5738.3,4742.8,995.5,1384.4,953.4,430.9,988.1,49.6,938.5,213.6,1713.0,1139.0,573.9,1528.3,1501.0,514.0,335.1,300.1,31.6,36.6,283.6,27.3,879.5,1225.5,9460.6,9229.1,8868.1,241.8,119.3,72.1,47.2,231.4,2.4,,10490.4,,10837.2,,31925,36570,296340,,6.1,1.7
,10871.7,7209.9,5814.8,4809.0,1005.8,1395.2,959.5,435.6,1007.2,43.3,963.9,206.0,1800.1,1185.8,614.3,1537.9,1512.3,517.5,341.0,305.4,32.5,36.8,279.0,25.6,889.5,1255.8,9615.9,9322.9,8955.3,244.9,122.7,73.0,49.7,293.0,3.0,,10607.4,,10928.0,,32368,36784,297086,,6.7,3.4
,11181.1,7379.7,5971.4,4956.8,1014.6,1408.3,964.7,443.6,1049.1,34.8,1014.2,194.5,1882.7,1198.3,684.4,1588.3,1566.7,538.0,389.6,291.3,30.3,38.2,279.3,21.6,913.2,1320.5,9860.6,9474.0,9100.2,257.8,116.1,74.4,41.7,386.6,3.9,,10845.1,,11147.9,,33119,37442,297736,,10.6,8.3
,11336.3,7428.0,6012.6,4986.8,1025.8,1415.4,970.1,445.3,1052.1,33.9,1018.2,183.4,1988.0,1272.8,715.2,1602.8,1583.2,543.7,395.6,294.9,29.5,38.7,280.8,19.7,918.1,1351.3,9985.0,9612.8,9227.6,258.4,126.8,74.9,51.9,372.3,3.7,,10908.4,,11190.4,,33461,37500,298408,,5.1,1.5
,11435.7,7487.3,6061.9,5019.9,1041.9,1425.4,978.5,447.0,1049.0,33.7,1015.3,177.8,2015.8,1284.2,731.7,1628.3,1608.5,546.1,402.1,308.7,30.6,39.1,281.8,19.9,922.6,1358.6,10077.1,9750.4,9353.8,271.1,125.6,75.5,50.0,326.6,3.2,,10912.7,,11212.8,,33682,37478,299180,,3.7,0.8
,11585.7,7623.6,6181.1,5125.3,1055.8,1442.6,989.2,453.3,1053.3,34.8,1018.5,168.7,2040.4,1280.5,759.9,1635.9,1613.8,548.6,409.1,301.4,31.1,39.5,284.0,22.1,936.2,1397.5,10188.3,9839.1,9427.4,280.5,131.3,76.3,54.9,349.1,3.4,,11089.6,,11355.3,,33967,37858,299946,,4.5,5.2
,11824.1,7806.0,6343.8,5272.1,1071.6,1462.2,1002.5,459.7,1017.5,43.1,974.4,162.5,2087.1,1308.7,778.4,1706.7,1680.2,568.3,416.4,332.5,32.3,40.5,290.2,26.5,955.7,1466.5,10357.5,9988.2,9572.1,280.0,136.1,78.0,58.1,369.3,3.6,,11174.3,,11439.5,,34455,38054,300609,,6.8,3.0
,11988.7,7845.2,6370.3,5289.8,1080.5,1474.8,1015.0,459.8,997.9,38.5,959.3,180.3,2212.3,1393.3,819.0,1710.4,1680.4,575.0,424.1,314.7,31.8,41.7,293.0,30.0,957.3,1495.9,10492.8,10109.8,9678.7,293.6,137.5,78.8,58.6,383.0,3.6,,11256.5,,11491.3,,34827,38141,301284,,5.3,1.8
,12069.2,7885.2,6397.6,5304.0,1093.6,1487.6,1026.8,460.9,986.8,38.8,947.9,193.6,2231.6,1401.8,829.8,1732.7,1700.2,578.2,432.0,319.6,32.8,41.9,295.6,32.5,960.6,1498.9,10570.4,10232.7,9798.4,295.3,139.1,79.6,59.5,337.6,3.2,,11256.6,,11511.2,,34994,38109,302062,,3.0,0.7
,12203.4,7977.5,6473.9,5365.5,1108.5,1503.6,1037.3,466.3,979.8,46.3,933.5,208.7,2246.9,1413.1,833.8,1762.7,1728.6,581.1,440.3,329.9,34.0,42.6,300.8,34.1,972.1,1508.6,10694.8,10374.1,9937.1,296.1,140.9,80.3,60.6,320.7,3.0,,11255.5,,11529.3,,35316,38072,302829,,4.8,0.6
,12335.3,8054.9,6539.4,5414.6,1124.8,1515.5,1045.8,469.7,964.1,48.0,916.1,249.2,2248.2,1384.2,864.0,1802.9,1768.2,597.3,448.8,331.6,36.3,44.0,310.3,34.7,984.0,1535.1,10800.2,10433.3,10004.4,284.6,144.2,80.5,63.7,366.9,3.4,,11262.4,,11548.8,,35586,38053,303494,,4.0,0.7
,12669.4,8054.9,6532.7,5396.7,1136.0,1522.2,1051.9,470.4,967.2,44.2,923.1,280.9,2204.2,1378.0,826.3,2148.4,2113.0,602.9,457.3,339.2,38.2,44.7,630.8,35.4,986.2,1552.5,11117.0,10549.4,10129.9,273.4,146.2,81.0,65.2,567.5,5.1,,11141.6,,11772.7,,36550,38706,304160,,12.3,8.0
,12508.6,8074.4,6547.2,5396.0,1151.2,1527.2,1054.4,472.8,956.6,33.8,922.8,305.3,2222.5,1425.8,796.7,1941.4,1905.3,608.9,465.9,340.8,58.2,45.5,386.0,36.1,991.5,1497.5,11011.1,10578.1,10159.1,272.3,146.7,81.2,65.6,433.0,3.9,,11072.3,,11537.5,,36114,37840,304902,,-3.8,-7.8
,12396.9,8043.2,6517.2,5353.8,1163.4,1526.0,1053.3,472.7,950.7,29.7,921.0,325.7,2141.3,1409.8,731.5,1927.8,1890.8,613.1,474.5,341.8,71.9,45.9,343.7,36.9,991.7,1444.9,10951.9,10306.0,9906.9,257.7,141.3,81.2,60.2,646.0,5.9,,11147.5,,11661.6,,35836,38158,305616,,-2.1,4.4
,12057.0,7730.4,6225.6,5062.8,1162.8,1504.8,1048.8,456.0,913.2,22.9,890.3,326.6,2006.9,1341.6,665.3,2039.7,2001.9,651.9,482.9,358.4,101.6,49.6,357.5,37.8,959.8,1202.4,10854.7,10214.0,9815.0,254.3,144.8,80.6,64.2,640.7,5.9,,10739.0,,11636.7,,35445,37999,306237,,-3.5,-0.9
,12087.3,7762.0,6254.5,5078.4,1176.0,1507.5,1048.1,459.4,901.5,23.6,878.0,335.9,1875.6,1314.0,561.6,2178.6,2140.0,662.4,490.4,368.9,130.3,50.4,437.5,38.6,966.3,1131.1,10956.2,10203.1,9805.5,253.0,144.5,80.3,64.3,753.2,6.9,,10580.6,,11699.1,,35704,38124,306866,,3.8,2.2
,12033.3,7746.5,6237.2,5058.2,1179.0,1509.3,1051.5,457.8,934.5,26.7,907.9,355.8,1783.9,1279.1,504.8,2176.3,2136.9,667.9,496.7,378.2,144.4,52.1,397.6,39.4,963.8,1135.3,10898.0,10335.7,9939.4,252.4,144.0,79.9,64.1,562.2,5.2,,10453.3,,11557.3,,35432,37576,307573,,-2.1,-4.8
,12144.0,7797.2,6279.2,5096.1,1183.1,1518.1,1058.9,459.2,1001.3,35.5,965.7,372.0,1748.4,1268.1,480.3,2192.3,2152.1,675.7,501.8,372.8,148.6,54.1,399.2,40.2,967.2,1140.7,11003.3,10400.7,10005.0,251.7,144.0,79.5,64.5,602.6,5.5,,10473.1,,11579.7,,35692,37562,308285,,3.9,0.8
,12321.2,7767.6,6233.2,5047.5,1185.8,1534.4,1070.3,464.1,1055.8,30.4,1025.4,404.9,1763.3,1259.4,503.9,2303.2,2262.2,678.9,506.0,382.1,159.3,55.9,480.0,41.0,973.6,1191.8,11129.4,10495.1,10101.8,248.3,144.9,79.5,65.4,634.3,5.7,,10502.3,,11667.4,,36029,37771,308901,,4.7,3.1
,12544.7,7910.6,6360.7,5164.1,1196.6,1549.9,1080.4,469.5,1102.7,34.0,1068.7,428.9,1775.8,1252.2,523.6,2311.1,2268.7,689.3,510.5,385.7,141.2,57.2,484.9,42.4,984.5,1213.2,11331.4,10596.1,10208.1,244.4,143.6,79.3,64.3,735.4,6.5,,10711.7,,11860.9,,36613,38324,309488,,7.5,6.8
,12682.0,7982.2,6422.5,5231.3,1191.3,1559.7,1088.9,470.8,1128.0,39.8,1088.2,442.6,1780.5,1226.0,554.4,2336.1,2292.0,693.6,515.7,405.6,131.0,58.9,487.3,44.1,987.4,1256.3,11425.7,10685.3,10300.8,239.8,144.7,79.3,65.4,740.5,6.5,,10808.5,,11936.6,,36840,38487,310148,,3.4,2.6
,12830.2,8041.0,6473.6,5282.5,1191.1,1567.4,1095.9,471.5,1142.7,46.0,1096.7,458.3,1827.5,1234.0,593.5,2350.1,2302.7,699.0,521.4,414.1,123.9,59.9,484.4,47.4,989.5,1289.1,11541.1,10813.9,10430.3,236.8,146.8,79.5,67.2,727.2,6.3,,10879.0,,11980.4,,37131,38545,310817,,4.1,1.5
,13175.9,8170.1,6577.3,5384.2,1193.1,1592.8,1102.0,490.8,1179.0,64.8,1114.2,489.1,1887.8,1251.6,636.1,2361.8,2313.0,703.1,527.6,418.8,116.7,61.6,485.2,48.8,911.8,1426.6,11749.3,10937.9,10558.2,232.0,147.7,80.4,67.2,811.4,6.9,,11132.1,,12094.8,,37734,38843,311376,,7.4,3.9
,13280.6,8206.4,6608.2,5409.0,1199.2,1598.2,1106.4,491.8,1210.2,59.2,1151.0,501.4,1915.4,1255.1,660.3,2361.6,2312.1,712.0,533.4,409.7,109.3,62.4,485.4,49.5,914.5,1445.9,11834.7,11054.1,10673.0,231.0,150.1,81.5,68.6,780.7,6.6,,11130.6,,12064.1,,37939,38674,311940,,2.9,-1.0
,13413.8,8287.3,6681.6,5484.0,1197.6,1605.7,1109.5,496.2,1251.6,64.6,1187.1,510.1,1935.6,1238.7,696.8,2352.1,2303.2,716.0,538.5,396.4,102.9,64.6,484.8,48.9,922.9,1471.4,11942.3,11135.2,10755.0,228.8,151.4,82.7,68.7,807.1,6.8,,11224.2,,12117.7,,38203,38764,312606,,3.7,1.8
,13486.9,8240.9,6637.6,5448.1,1189.5,1603.3,1111.1,492.2,1268.9,63.6,1205.3,525.6,2009.8,1277.0,732.8,2359.3,2312.2,721.8,542.9,399.3,99.8,64.5,484.0,47.0,917.4,1470.9,12016.0,11191.2,10809.2,228.0,154.0,84.1,69.9,824.8,6.9,,11253.9,,12152.3,,38358,38793,313258,,2.5,1.1
,13786.3,8456.4,6836.3,5637.6,1198.7,1620.1,1112.1,508.0,1321.8,59.9,1261.9,526.7,2081.4,1326.0,755.4,2340.4,2296.8,753.2,547.0,400.6,94.6,67.2,434.2,43.5,940.3,1468.3,12317.9,11342.4,10959.3,228.4,154.7,85.2,69.5,975.5,7.9,,11499.6,,12375.7,,39252,39436,313813,,10.4,7.6
,13945.9,8503.8,6876.0,5680.2,1195.8,1627.8,1117.8,510.0,1355.6,58.1,1297.5,532.4,2136.0,1349.5,786.5,2362.8,2321.8,759.4,551.6,421.7,86.3,69.0,433.9,41.0,944.7,1487.7,12458.2,11390.1,11005.1,229.2,155.8,86.3,69.5,1068.1,8.6,,11609.3,,12486.5,,39629,39719,314373,,4.6,3.6
,13922.7,8546.1,6906.1,5709.2,1196.8,1640.0,1128.8,511.2,1344.9,59.4,1285.5,536.1,2078.6,1282.0,796.6,2364.7,2325.6,765.1,557.1,419.0,78.4,71.3,434.6,39.1,947.6,1510.0,12412.6,11441.9,11059.4,230.5,152.1,86.9,65.2,970.7,7.8,,11550.6,,12404.8,,39401,39376,315030,,-1.5,-2.6
,14402.6,8763.2,7094.2,5892.2,1202.0,1669.0,1145.1,523.9,1363.2,62.4,1300.8,542.8,2318.7,1316.7,1002.0,2384.2,2346.1,770.8,563.4,428.9,75.1,72.9,435.0,38.1,969.4,1572.0,12830.5,11552.6,11165.7,230.3,156.6,86.8,69.7,1278.0,10.0,,11943.8,,12750.9,,40643,40391,315685,,14.2,11.6
,14019.5,8732.6,7043.9,5837.5,1206.4,1688.7,1168.4,520.4,1387.2,93.0,1294.2,560.8,2026.1,1269.0,757.1,2403.5,2365.7,790.0,570.3,424.8,69.0,76.5,435.2,37.8,1090.6,1650.0,12369.5,11651.9,11265.6,230.1,156.2,86.6,69.6,717.6,5.8,,11502.5,,12248.6,,39120,38737,316196,,-13.6,-14.8
,14153.0,8819.6,7103.0,5896.2,1206.8,1716.6,1190.7,525.9,1410.6,94.1,1316.5,573.1,2036.5,1256.4,780.1,2416.2,2378.3,795.2,567.1,438.4,64.8,78.4,434.3,37.9,1103.1,1682.5,12470.5,11678.0,11291.0,229.2,157.9,86.8,71.1,792.5,6.4,,11613.8,,12339.8,,39372,38960,316733,,3.3,3.0
,14244.1,8845.6,7112.9,5908.0,1204.8,1732.7,1205.9,526.8,1411.0,92.8,1318.2,585.1,2074.2,1264.5,809.7,2434.5,2396.0,802.3,573.7,448.2,59.1,80.5,432.2,38.5,1106.3,1674.9,12569.2,11766.6,11379.2,229.2,158.2,87.5,70.6,802.6,6.4,,11638.6,,12387.2,,39601,39028,317396,,3.2,1.5
,14358.0,8942.5,7196.3,5982.3,1214.0,1746.2,1214.0,532.1,1400.0,67.9,1332.0,590.7,2099.0,1272.6,826.4,2443.2,2403.7,808.6,580.2,448.6,57.1,80.9,428.2,39.5,1117.2,1698.1,12659.9,11908.6,11518.4,229.6,160.7,88.9,71.9,751.3,5.9,,11693.4,,12424.6,,39802,39062,318072,,2.9,1.2
,14625.1,9114.2,7358.6,6136.8,1221.9,1755.6,1216.1,539.5,1411.4,66.3,1345.1,598.1,2167.0,1292.5,874.5,2474.1,2433.2,824.8,587.5,459.5,39.0,81.4,441.0,40.9,1139.8,1744.8,12880.3,12019.9,11618.1,236.7,165.1,90.9,74.2,860.4,6.7,,11868.1,,12580.4,,40422,39481,318645,,7.1,5.1
,14874.6,9172.4,7409.4,6178.8,1230.6,1763.1,1221.3,541.8,1450.6,77.0,1373.6,602.6,2266.7,1322.2,944.5,2526.8,2484.5,831.7,595.6,481.5,35.8,83.3,456.7,42.2,1144.5,1758.4,13116.2,12192.4,11784.7,239.8,167.9,92.6,75.3,923.8,7.0,,12000.3,,12747.1,,41087,39931,319228,,7.5,5.4
,15099.5,9280.6,7503.0,6261.6,1241.5,1777.6,1229.9,547.7,1466.2,63.9,1402.2,604.6,2336.0,1351.1,984.9,2568.2,2524.6,836.5,604.0,507.2,34.0,85.0,457.9,43.6,1156.1,1798.6,13300.9,12350.2,11934.3,244.4,171.5,94.2,77.2,950.7,7.1,,12144.2,,12890.1,,41576,40292,319919,,5.8,4.6
,15307.1,9433.5,7634.3,6380.6,1253.7,1799.2,1242.5,556.7,1454.4,63.7,1390.7,605.5,2390.4,1381.5,1008.9,2597.1,2552.1,845.6,612.8,515.3,33.0,87.0,458.4,45.0,1173.8,1836.5,13470.6,12481.9,12053.8,254.1,174.0,95.7,78.3,988.7,7.3,,12331.6,,13069.5,,42015,40764,320611,,5.2,5.7
,15497.7,9563.8,7746.2,6483.0,1263.2,1817.7,1256.2,561.5,1434.9,54.5,1380.4,596.2,2447.6,1401.3,1046.3,2644.1,2597.7,861.8,622.4,523.6,32.9,90.2,466.8,46.4,1188.9,1904.6,13593.2,12518.3,12083.9,253.9,180.5,99.4,81.0,1074.9,7.9,,12522.9,,13243.4,,42324,41235,321168,,3.7,5.4
,15639.9,9666.2,7830.8,6557.8,1273.0,1835.4,1267.9,567.5,1411.3,54.5,1356.8,611.3,2469.7,1447.5,1022.2,2682.3,2633.9,868.5,631.5,537.9,32.4,92.5,471.2,48.5,1200.9,1943.0,13696.9,12669.2,12224.7,261.3,183.2,100.7,82.5,1027.7,7.5,,12563.2,,13280.1,,42571,41275,321744,,3.1,1.1
,15757.0,9751.7,7903.0,6622.8,1280.2,1848.7,1276.3,572.4,1423.2,55.8,1367.4,614.9,2478.9,1454.7,1024.2,2699.1,2647.8,873.9,639.5,540.4,32.5,93.6,467.9,51.3,1210.9,1947.3,13809.6,12799.7,12347.8,266.9,185.0,101.6,83.5,1009.9,7.3,,12629.8,,13357.0,,42830,41426,322428,,3.3,2.3
,15846.4,9816.0,7958.0,6671.3,1286.7,1858.0,1281.9,576.1,1413.8,51.6,1362.3,615.6,2503.2,1463.7,1039.5,2716.1,2661.2,882.9,646.4,541.8,32.4,94.0,463.8,54.8,1218.3,1964.9,13881.4,12854.5,12397.5,271.9,185.1,101.9,83.2,1027.0,7.4,,12712.6,,13439.8,,42962,41595,323110,,2.1,2.5
,15918.6,9851.7,7992.7,6698.3,1294.4,1858.9,1284.4,574.5,1410.1,38.0,1372.1,619.8,2517.0,1465.6,1051.4,2745.4,2686.2,886.1,652.4,550.5,32.4,93.8,471.0,59.2,1225.3,1924.6,13994.0,12947.8,12495.1,266.9,185.9,103.0,82.9,1046.2,7.5,,12747.4,,13541.6,,43233,41835,323689,,3.3,3.1
,16002.1,9905.2,8039.2,6736.7,1302.6,1866.0,1288.7,577.3,1409.6,37.6,1372.0,626.7,2524.3,1456.6,1067.7,2767.7,2706.5,893.2,658.6,558.8,32.3,94.8,468.7,61.2,1231.4,1943.4,14058.7,13089.1,12637.4,271.3,180.4,103.1,77.4,969.6,6.9,,12726.7,,13519.5,,43356,41693,324265,,1.9,-0.7
,16151.6,9998.5,8119.3,6805.2,1314.1,1879.2,1296.5,582.7,1431.0,33.7,1397.4,627.6,2549.9,1463.1,1086.8,2787.1,2726.3,899.4,665.2,566.5,32.1,97.3,465.9,60.7,1242.5,1972.0,14179.6,13218.4,12759.1,275.0,184.4,103.4,80.9,961.2,6.8,,12803.9,,13584.8,,43640,41809,324926,,3.5,1.9
,16315.3,10109.1,8213.7,6892.7,1321.0,1895.3,1306.1,589.2,1442.5,27.1,1415.4,632.5,2579.4,1475.5,1103.9,2807.9,2750.1,907.2,672.2,575.3,31.3,101.2,462.9,57.8,1256.0,1992.9,14322.4,13348.0,12881.6,278.0,188.5,104.0,84.5,974.3,6.8,,12879.8,,13656.9,,43993,41949,325557,,4.1,2.1
,16551.9,10224.3,8311.0,6979.5,1331.5,1913.3,1318.5,594.8,1485.0,44.0,1441.0,643.0,2645.5,1533.0,1112.5,2831.4,2779.1,916.3,678.5,572.4,31.3,105.8,474.7,52.4,1277.2,2004.1,14547.9,13517.5,13049.4,280.5,187.6,105.4,82.3,1030.3,7.1,,13006.1,,13790.4,,44618,42295,326053,,6.4,4.0
,16740.6,10335.9,8402.1,7061.8,1340.3,1933.8,1333.4,600.4,1501.4,42.0,1459.3,643.3,2711.5,1547.1,1164.4,2838.2,2789.7,922.0,687.4,567.9,29.6,110.4,472.4,48.5,1289.7,2012.0,14728.6,13614.6,13134.0,287.0,193.6,106.1,87.5,1114.0,7.6,,13146.0,,13927.2,,45103,42649,326554,,5.1,4.0
,16921.4,10478.4,8518.3,7165.0,1353.3,1960.1,1352.8,607.3,1502.6,35.0,1467.7,652.3,2723.3,1554.5,1168.8,2869.8,2823.4,929.3,696.3,578.8,29.6,113.7,475.8,46.3,1304.9,2054.8,14866.6,13747.6,13260.3,292.9,194.3,107.1,87.2,1119.0,7.5,,13239.0,,14006.8,,45444,42816,327140,,3.8,2.3
,17145.4,10658.9,8666.3,7298.6,1367.7,1992.7,1376.5,616.2,1529.4,35.3,1494.1,663.8,2733.8,1561.2,1172.6,2883.4,2837.6,936.7,705.1,575.8,30.3,115.7,474.0,45.8,1323.9,2123.6,15021.8,13990.1,13490.7,301.1,198.3,108.5,89.8,1031.7,6.9,,13352.2,,14063.6,,45841,42917,327692,,4.2,1.6
,17355.0,10783.2,8762.6,7380.8,1381.8,2020.7,1403.8,616.9,1550.1,27.2,1523.0,668.6,2758.1,1578.4,1179.7,2938.7,2891.7,960.8,714.3,581.9,29.7,117.0,487.9,47.0,1343.8,2072.8,15282.2,14185.1,13677.3,308.7,199.0,110.7,88.3,1097.1,7.2,,13400.0,,14204.8,,46579,43295,328091,,7.1,4.1
,17550.7,10891.0,8843.1,7448.3,1394.8,2047.9,1427.0,620.9,1557.3,29.3,1528.0,674.5,2816.3,1600.9,1215.4,2965.2,2916.6,968.3,725.6,592.6,27.0,118.5,484.6,48.7,1353.6,2057.7,15493.0,14368.7,13850.8,315.2,202.7,112.3,90.4,1124.3,7.3,,13484.8,,14323.8,,47159,43600,328526,,5.6,3.4
,17800.6,11042.9,8969.5,7557.7,1411.8,2073.5,1444.7,628.8,1571.3,21.1,1550.2,688.2,2878.4,1612.6,1265.8,2990.1,2939.2,976.6,739.2,595.0,26.5,120.5,481.3,50.9,1370.3,2086.0,15714.5,14521.2,13988.8,327.4,205.0,113.9,91.2,1193.3,7.6,,13644.1,,14476.9,,47759,43997,329040,,5.8,4.3
,18028.9,11114.5,9025.0,7605.5,1419.5,2089.5,1456.9,632.6,1596.1,39.1,1557.0,688.6,2996.1,1643.5,1352.6,3012.4,2958.7,983.9,755.3,589.5,27.8,122.9,479.3,53.7,1378.7,2083.1,15945.8,14639.3,14102.9,329.4,207.0,115.5,91.5,1306.5,8.2,,13781.8,,14634.7,,48391,44412,329522,,6.0,4.4
,18345.4,11329.6,9222.0,7797.6,1424.4,2107.6,1463.3,644.3,1583.4,25.1,1558.3,689.6,3047.7,1647.3,1400.4,3105.7,3048.6,1019.2,772.6,598.7,29.4,125.7,503.1,57.1,1410.6,2160.2,16185.2,14679.9,14145.9,328.5,205.5,116.8,88.7,1505.3,9.3,,13957.5,,14823.4,,49066,44937,329868,,6.1,5.3
,18504.9,11389.4,9272.7,7836.7,1436.0,2116.7,1469.2,647.5,1575.2,15.6,1559.6,696.1,3121.8,1664.0,1457.8,3140.3,3082.7,1026.6,785.8,614.4,26.9,129.0,500.1,57.6,1418.0,2221.6,16283.3,14872.7,14323.7,337.2,211.8,117.4,94.4,1410.6,8.7,,13986.3,,14822.6,,49307,44884,330245,,2.4,0.0
,18655.5,11455.2,9328.7,7869.4,1459.2,2126.5,1475.7,650.8,1615.3,37.3,1578.0,699.1,3148.6,1655.5,1493.1,3162.7,3107.3,1034.4,793.7,622.4,26.4,132.5,498.0,55.4,1425.4,2195.8,16459.6,15037.8,14482.2,346.8,208.8,117.0,91.8,1421.8,8.6,,14066.4,,14944.2,,49768,45186,330729,,4.4,3.3
,18842.3,11618.2,9475.0,7992.8,1482.2,2143.3,1483.1,660.1,1631.9,38.7,1593.2,708.0,3158.0,1665.8,1492.2,3170.5,3120.1,1042.8,796.3,620.7,27.7,136.5,496.2,50.4,1444.4,2216.0,16626.3,15177.4,14619.0,345.6,212.8,115.5,97.2,1448.9,8.7,,14178.0,,15041.5,,50199,45414,331208,,4.1,2.6
,19033.7,11781.8,9624.7,8111.4,1513.3,2157.1,1489.5,667.6,1643.2,38.2,1605.0,722.6,3144.3,1660.2,1484.1,3212.4,3169.8,1068.2,795.3,606.6,40.7,140.6,518.4,42.6,1470.6,2249.1,16784.6,14983.4,14440.2,337.4,205.8,110.0,95.8,1801.2,10.7,,14261.7,,15130.1,,50627,45636,331534,,3.9,2.4
,20479.4,11053.4,8995.7,7529.8,1466.0,2057.7,1420.6,637.1,1475.6,25.3,1450.3,717.9,3076.3,1638.6,1437.7,5556.4,5512.0,1074.9,808.0,654.7,1007.5,144.2,1822.6,44.4,1400.3,2098.2,18381.2,13529.1,13049.8,273.0,206.3,108.0,98.3,4852.1,26.4,,13513.4,,16645.0,,55415,50181,331699,,43.8,46.5
,20019.2,11563.4,9425.4,7926.3,1499.1,2138.0,1478.9,659.1,1751.6,42.5,1709.2,722.6,3043.8,1643.2,1400.6,4385.7,4344.3,1080.3,822.1,690.7,792.9,147.3,811.0,41.4,1447.8,2237.5,17781.7,14857.8,14388.7,272.5,196.6,107.0,89.6,2923.9,16.4,,14040.4,,15969.6,,53580,48120,331872,,-12.4,-15.3
,19796.9,11972.4,9783.7,8284.1,1499.6,2188.7,1516.0,672.7,1702.0,74.7,1627.3,716.3,3117.4,1647.2,1470.1,3770.2,3722.2,1088.2,837.5,678.3,308.5,149.8,659.8,48.0,1481.3,2360.7,17436.2,15044.1,14586.0,254.0,204.0,107.3,96.8,2392.1,13.7,,14335.3,,15596.0,,52512,46970,332045,,-7.5,-9.0
,22095.5,12058.5,9851.2,8340.8,1510.4,2207.3,1532.7,674.6,1655.0,26.4,1628.6,719.4,3132.0,1655.7,1476.3,6022.3,5962.9,1105.7,857.6,704.4,556.2,151.8,2587.1,59.5,1491.6,2509.0,19586.5,15597.8,15131.5,258.3,208.1,108.3,99.8,3988.7,20.4,,14219.9,,17328.1,,58998,52195,331989,,59.2,52.4
,20916.4,12369.8,10138.5,8609.3,1529.3,2231.3,1542.4,688.9,1776.9,71.2,1705.7,713.5,3196.3,1665.4,1530.9,4381.6,4305.7,1109.4,875.4,744.8,448.6,153.3,974.2,76.0,1521.7,2638.5,18277.8,16299.3,15813.5,275.5,210.2,109.6,100.6,1978.6,10.8,,14401.8,,15920.1,,55029,47931,332149,,-24.2,-28.8
,21005.2,12681.3,10422.3,8858.2,1564.2,2259.0,1554.6,704.4,1792.7,63.8,1728.9,722.7,3222.9,1655.7,1567.3,4139.6,4064.4,1116.8,889.5,748.2,245.1,155.1,909.6,75.2,1554.0,2693.2,18312.0,16643.0,16147.3,281.1,214.5,111.0,103.6,1669.1,9.1,,14491.6,,15734.4,,55077,47324,332480,,0.8,-4.6
,21162.1,13044.4,10748.4,9175.7,1572.7,2296.0,1571.3,724.6,1789.8,43.9,1745.9,739.6,3258.5,1657.5,1601.0,3925.7,3852.5,1126.5,900.0,745.0,33.8,156.4,890.9,73.2,1595.8,2806.1,18356.1,17019.0,16518.0,282.8,218.2,112.4,105.8,1337.1,7.3,,14589.6,,15537.3,,55159,46689,332786,,1.0,-4.9
,21319.8,13259.7,10925.5,9337.8,1587.8,2334.2,1589.6,744.6,1811.4,74.4,1737.0,744.9,3269.9,1670.8,1599.1,3868.7,3797.7,1198.7,908.0,763.1,23.6,157.7,746.6,71.1,1634.7,3145.5,18174.4,17389.5,16874.8,293.5,221.3,114.1,107.2,784.9,4.3,,14507.5,,15108.8,,54581,45375,332978,,-3.9,-10.6
,21578.3,13415.2,11058.0,9457.7,1600.4,2357.1,1603.6,753.6,1835.4,95.7,1739.7,775.9,3323.0,1708.6,1614.4,3883.2,3809.1,1206.9,911.8,789.5,18.6,159.7,722.7,74.1,1654.4,3188.5,18389.8,17798.7,17261.3,313.1,224.2,115.4,108.8,591.1,3.2,,14453.7,,15021.2,,55171,45065,333321,,4.8,-2.3
,21969.5,13755.0,11361.0,9737.3,1623.8,2394.0,1620.0,774.0,1863.5,95.9,1767.6,794.9,3358.8,1738.1,1620.7,3892.8,3823.0,1214.6,920.3,786.1,18.5,161.7,721.7,69.8,1695.6,3236.5,18733.0,18124.5,17542.7,357.1,224.7,116.4,108.3,608.5,3.2,,14610.2,,15140.6,,56121,45359,333799,,7.7,3.2
,22241.3,13828.1,11413.9,9770.7,1643.3,2414.2,1636.8,777.4,1882.9,100.9,1782.0,811.8,3424.0,1789.0,1635.0,3998.2,3928.7,1225.6,941.6,796.2,20.4,164.0,780.8,69.5,1703.7,3216.2,19025.1,18377.2,17749.9,402.6,224.7,117.0,107.6,647.9,3.4,,14609.8,,15236.1,,56913,45579,334282,,6.4,2.5
,22519.2,13985.5,11545.6,9877.9,1667.6,2440.0,1652.1,787.8,1909.5,96.7,1812.8,845.0,3452.6,1808.1,1644.5,4057.5,3986.2,1340.1,960.5,839.4,22.8,166.2,657.3,71.3,1730.8,2906.2,19613.1,18772.2,18113.1,435.5,223.7,117.8,105.9,840.9,4.3,,14636.8,,15549.6,,58609,46466,334641,,12.9,8.5
,22751.3,14163.3,11698.0,10005.8,1692.3,2465.3,1668.1,797.2,1908.7,85.2,1823.6,863.7,3486.3,1826.1,1660.2,4079.0,4006.8,1354.0,967.3,878.5,23.1,167.0,616.9,72.2,1749.8,2853.8,19897.5,19005.3,18301.6,479.8,223.9,118.5,105.3,892.3,4.5,,14712.0,,15677.3,,59392,46795,335019,,5.9,3.3
