,1994,1994,1994,1994,1995,1995,1995,1995,1996,1996,1996,1996,1997,1997,1997,1997,1998,1998,1998,1998,1999,1999,1999,1999,2000,2000,2000,2000,2001,2001,2001,2001,2002,2002,2002,2002,2003,2003,2003,2003,2004,2004,2004,2004,2005,2005,2005,2005,2006,2006,2006,2006,2007,2007,2007,2007,2008,2008,2008,2008,2009,2009,2009,2009,2010,2010,2010,2010,2011,2011,2011,2011,2012,2012,2012,2012,2013,2013,2013,2013,2014,2014,2014,2014,2015,2015,2015,2015,2016,2016,2016,2016,2017,2017,2017,2017,2018,2018,2018,2018,2019,2019,2019,2019,2020,2020,2020,2020,2021,2021,2021,2021,2022,2022,2022,2022,2023,2023
,Q1,Q2,Q3,Q4,Q1,Q2,Q3,Q4,Q1,Q2,Q3,Q4,Q1,Q2,Q3,Q4,Q1,Q2,Q3,Q4,Q1,Q2,Q3,Q4,Q1,Q2,Q3,Q4,Q1,Q2,Q3,Q4,Q1,Q2,Q3,Q4,Q1,Q2,Q3,Q4,Q1,Q2,Q3,Q4,Q1,Q2,Q3,Q4,Q1,Q2,Q3,Q4,Q1,Q2,Q3,Q4,Q1,Q2,Q3,Q4,Q1,Q2,Q3,Q4,Q1,Q2,Q3,Q4,Q1,Q2,Q3,Q4,Q1,Q2,Q3,Q4,Q1,Q2,Q3,Q4,Q1,Q2,Q3,Q4,Q1,Q2,Q3,Q4,Q1,Q2,Q3,Q4,Q1,Q2,Q3,Q4,Q1,Q2,Q3,Q4,Q1,Q2,Q3,Q4,Q1,Q2,Q3,Q4,Q1,Q2,Q3,Q4,Q1,Q2,Q3,Q4,Q1,Q2
Personal income,5807.9,5912.7,5978.4,6089.4,6181.2,6250.7,6329.3,6404.3,6521,6649.8,6725.9,6817.5,6939.4,7022.3,7135.3,7273,7434.6,7561.1,7668.1,7762.9,7859.1,7922.9,8038.3,8206.9,8443.3,8586,8746.9,8847.4,9009.2,9032.4,9009.7,8999.9,9041.5,9141.3,9188.4,9272.6,9313.6,9425.6,9559,9695.8,9792.4,9957.8,10103.6,10323.3,10345.2,10516.8,10686.1,10871.7,11181.1,11336.3,11435.7,11585.7,11824.1,11988.7,12069.2,12203.4,12335.3,12669.4,12508.6,12396.9,12057,12087.3,12033.3,12144,12321.2,12544.7,12682,12830.2,13175.9,13280.6,13413.8,13486.9,13786.3,13945.9,13922.7,14402.6,14019.5,14153,14244.1,14358,14625.1,14874.6,15099.5,15307.1,15497.7,15639.9,15757,15846.4,15918.6,16002.1,16151.6,16315.3,16551.9,16740.6,16921.4,17145.4,17355,17550.7,17800.6,18028.9,18345.4,18504.9,18655.5,18842.3,19033.7,20479.4,20019.2,19796.9,22095.5,20916.4,21005.2,21162.1,21319.8,21578.3,21969.5,22241.3,22519.2,22751.3
    Compensation of employees,3913.4,3991.5,4031.8,4088.1,4134.4,4172.9,4219.7,4265.3,4314.5,4387.5,4451.2,4514.5,4592.4,4660,4738.9,4844,4942,5028.3,5114.9,5199.4,5287,5343.9,5424,5555.9,5749.2,5791.7,5903.9,5943.7,6050.1,6040.9,6024.6,6037.8,6060.7,6129.1,6156.9,6193.7,6213.2,6307.3,6393.7,6500.2,6541.3,6668.5,6803.7,6864.5,6926.3,7005.6,7122.6,7209.9,7379.7,7428,7487.3,7623.6,7806,7845.2,7885.2,7977.5,8054.9,8054.9,8074.4,8043.2,7730.4,7762,7746.5,7797.2,7767.6,7910.6,7982.2,8041,8170.1,8206.4,8287.3,8240.9,8456.4,8503.8,8546.1,8763.2,8732.6,8819.6,8845.6,8942.5,9114.2,9172.4,9280.6,9433.5,9563.8,9666.2,9751.7,9816,9851.7,9905.2,9998.5,10109.1,10224.3,10335.9,10478.4,10658.9,10783.2,10891,11042.9,11114.5,11329.6,11389.4,11455.2,11618.2,11781.8,11053.4,11563.4,11972.4,12058.5,12369.8,12681.3,13044.4,13259.7,13415.2,13755,13828.1,13985.5,14163.3
        Wages and salaries,3152.7,3223.3,3258.7,3311.6,3358.1,3395.2,3438.9,3479.9,3524.4,3590,3647.2,3704.3,3776.4,3835.6,3903,3992.4,4074.9,4145.5,4217.4,4288.7,4364.6,4409.3,4473.7,4584.1,4751.5,4779.1,4871.3,4898,4979.5,4961.4,4935.9,4937.8,4945.9,4998.3,5012.1,5027.1,5027,5101.4,5168.7,5256,5274.5,5380.7,5492.8,5536.1,5574.6,5637.8,5738.3,5814.8,5971.4,6012.6,6061.9,6181.1,6343.8,6370.3,6397.6,6473.9,6539.4,6532.7,6547.2,6517.2,6225.6,6254.5,6237.2,6279.2,6233.2,6360.7,6422.5,6473.6,6577.3,6608.2,6681.6,6637.6,6836.3,6876,6906.1,7094.2,7043.9,7103,7112.9,7196.3,7358.6,7409.4,7503,7634.3,7746.2,7830.8,7903,7958,7992.7,8039.2,8119.3,8213.7,8311,8402.1,8518.3,8666.3,8762.6,8843.1,8969.5,9025,9222,9272.7,9328.7,9475,9624.7,8995.7,9425.4,9783.7,9851.2,10138.5,10422.3,10748.4,10925.5,11058,11361,11413.9,11545.6,11698
            Private industries,2551.6,2616.2,2646.2,2694.4,2735.7,2767.7,2808,2844.6,2884.4,2944.3,2996.5,3048.2,3114.1,3167.7,3228.9,3309.2,3385.1,3448.1,3511.8,3576.2,3646.5,3682.3,3735.1,3832.7,3986.3,4000.5,4087.5,4106.4,4177.7,4147.4,4107,4094.4,4090.7,4130.2,4132.3,4138.7,4125.8,4189.4,4251,4331,4337.9,4432.5,4536.1,4568.2,4596.8,4651.7,4742.8,4809,4956.8,4986.8,5019.9,5125.3,5272.1,5289.8,5304,5365.5,5414.6,5396.7,5396,5353.8,5062.8,5078.4,5058.2,5096.1,5047.5,5164.1,5231.3,5282.5,5384.2,5409,5484,5448.1,5637.6,5680.2,5709.2,5892.2,5837.5,5896.2,5908,5982.3,6136.8,6178.8,6261.6,6380.6,6483,6557.8,6622.8,6671.3,6698.3,6736.7,6805.2,6892.7,6979.5,7061.8,7165,7298.6,7380.8,7448.3,7557.7,7605.5,7797.6,7836.7,7869.4,7992.8,8111.4,7529.8,7926.3,8284.1,8340.8,8609.3,8858.2,9175.7,9337.8,9457.7,9737.3,9770.7,9877.9,10005.8
            Government,601.1,607.2,612.5,617.2,622.4,627.5,630.9,635.3,640,645.6,650.7,656,662.3,668,674.1,683.2,689.8,697.4,705.6,712.4,718.1,727,738.6,751.4,765.2,778.6,783.8,791.5,801.8,814,828.9,843.3,855.1,868.2,879.8,888.4,901.2,911.9,917.8,924.9,936.6,948.3,956.6,967.9,977.8,986.1,995.5,1005.8,1014.6,1025.8,1041.9,1055.8,1071.6,1080.5,1093.6,1108.5,1124.8,1136,1151.2,1163.4,1162.8,1176,1179,1183.1,1185.8,1196.6,1191.3,1191.1,1193.1,1199.2,1197.6,1189.5,1198.7,1195.8,1196.8,1202,1206.4,1206.8,1204.8,1214,1221.9,1230.6,1241.5,1253.7,1263.2,1273,1280.2,1286.7,1294.4,1302.6,1314.1,1321,1331.5,1340.3,1353.3,1367.7,1381.8,1394.8,1411.8,1419.5,1424.4,1436,1459.2,1482.2,1513.3,1466,1499.1,1499.6,1510.4,1529.3,1564.2,1572.7,1587.8,1600.4,1623.8,1643.3,1667.6,1692.3
        Supplements to wages and salaries,760.7,768.2,773,776.5,776.3,777.7,780.8,785.4,790.1,797.6,804,810.2,816,824.3,835.9,851.6,867.1,882.8,897.4,910.7,922.3,934.6,950.3,971.8,997.7,1012.7,1032.7,1045.8,1070.7,1079.5,1088.6,1100,1114.9,1130.8,1144.8,1166.6,1186.2,1205.9,1225,1244.3,1266.8,1287.7,1310.9,1328.4,1351.6,1367.7,1384.4,1395.2,1408.3,1415.4,1425.4,1442.6,1462.2,1474.8,1487.6,1503.6,1515.5,1522.2,1527.2,1526,1504.8,1507.5,1509.3,1518.1,1534.4,1549.9,1559.7,1567.4,1592.8,1598.2,1605.7,1603.3,1620.1,1627.8,1640,1669,1688.7,1716.6,1732.7,1746.2,1755.6,1763.1,1777.6,1799.2,1817.7,1835.4,1848.7,1858,1858.9,1866,1879.2,1895.3,1913.3,1933.8,1960.1,1992.7,2020.7,2047.9,2073.5,2089.5,2107.6,2116.7,2126.5,2143.3,2157.1,2057.7,2138,2188.7,2207.3,2231.3,2259,2296,2334.2,2357.1,2394,2414.2,2440,2465.3
            Employer contributions for employee pension and insurance funds1,511.4,515.4,517.6,517.4,515.6,514.9,515.6,517.8,521,524.4,527.3,530,532.7,537.4,544.7,554.7,566.7,578,587.9,596.6,604.1,613.9,626.3,641.4,657.1,671.3,684.6,694.9,712.9,721.6,731.2,741.3,753.2,764.8,777.3,797.6,812.2,826.2,839.9,852.8,868,881.6,897.1,912.2,930.6,943.1,953.4,959.5,964.7,970.1,978.5,989.2,1002.5,1015,1026.8,1037.3,1045.8,1051.9,1054.4,1053.3,1048.8,1048.1,1051.5,1058.9,1070.3,1080.4,1088.9,1095.9,1102,1106.4,1109.5,1111.1,1112.1,1117.8,1128.8,1145.1,1168.4,1190.7,1205.9,1214,1216.1,1221.3,1229.9,1242.5,1256.2,1267.9,1276.3,1281.9,1284.4,1288.7,1296.5,1306.1,1318.5,1333.4,1352.8,1376.5,1403.8,1427,1444.7,1456.9,1463.3,1469.2,1475.7,1483.1,1489.5,1420.6,1478.9,1516,1532.7,1542.4,1554.6,1571.3,1589.6,1603.6,1620,1636.8,1652.1,1668.1
            Employer contributions for government social insurance,249.3,252.8,255.5,259,260.8,262.8,265.3,267.7,269.1,273.2,276.7,280.3,283.3,286.9,291.2,297,300.4,304.9,309.5,314.1,318.2,320.7,324,330.5,340.6,341.4,348.1,350.8,357.8,358,357.4,358.7,361.6,366,367.5,369,374,379.8,385,391.4,398.8,406.1,413.9,416.2,421.1,424.6,430.9,435.6,443.6,445.3,447,453.3,459.7,459.8,460.9,466.3,469.7,470.4,472.8,472.7,456,459.4,457.8,459.2,464.1,469.5,470.8,471.5,490.8,491.8,496.2,492.2,508,510,511.2,523.9,520.4,525.9,526.8,532.1,539.5,541.8,547.7,556.7,561.5,567.5,572.4,576.1,574.5,577.3,582.7,589.2,594.8,600.4,607.3,616.2,616.9,620.9,628.8,632.6,644.3,647.5,650.8,660.1,667.6,637.1,659.1,672.7,674.6,688.9,704.4,724.6,744.6,753.6,774,777.4,787.8,797.2
    Proprietors' income with inventory valuation and capital consumption adjustments,450.2,454.1,456.8,465.5,467.4,472,484.5,501,523.3,547.5,547.5,556.8,575.6,575.1,588.5,596.6,617.4,629.6,645,668.7,681.9,690.1,699.8,713.9,720.9,751.3,760.8,782.4,809.8,827.7,845.6,840.9,859.5,864.5,872.9,883.3,876.3,892.4,905.3,916.1,946.5,963,964.2,977.8,957.1,964.1,988.1,1007.2,1049.1,1052.1,1049,1053.3,1017.5,997.9,986.8,979.8,964.1,967.2,956.6,950.7,913.2,901.5,934.5,1001.3,1055.8,1102.7,1128,1142.7,1179,1210.2,1251.6,1268.9,1321.8,1355.6,1344.9,1363.2,1387.2,1410.6,1411,1400,1411.4,1450.6,1466.2,1454.4,1434.9,1411.3,1423.2,1413.8,1410.1,1409.6,1431,1442.5,1485,1501.4,1502.6,1529.4,1550.1,1557.3,1571.3,1596.1,1583.4,1575.2,1615.3,1631.9,1643.2,1475.6,1751.6,1702,1655,1776.9,1792.7,1789.8,1811.4,1835.4,1863.5,1882.9,1909.5,1908.7
        Farm,41.8,36.7,32.1,28.1,20.3,18.4,21.4,28.1,36.9,44.2,33.5,34.7,37.8,28.1,32.4,31.2,27.9,26.4,26.6,33,33.6,28.1,26.2,24.5,27.1,33.4,31.9,33.7,34,32.5,32.6,29.2,17.7,13.6,21.8,27.8,29.9,37.3,39.8,41.5,56.3,55.3,47.1,50.9,47.6,51.2,49.6,43.3,34.8,33.9,33.7,34.8,43.1,38.5,38.8,46.3,48,44.2,33.8,29.7,22.9,23.6,26.7,35.5,30.4,34,39.8,46,64.8,59.2,64.6,63.6,59.9,58.1,59.4,62.4,93,94.1,92.8,67.9,66.3,77,63.9,63.7,54.5,54.5,55.8,51.6,38,37.6,33.7,27.1,44,42,35,35.3,27.2,29.3,21.1,39.1,25.1,15.6,37.3,38.7,38.2,25.3,42.5,74.7,26.4,71.2,63.8,43.9,74.4,95.7,95.9,100.9,96.7,85.2
        Nonfarm,408.4,417.5,424.6,437.4,447.1,453.6,463.1,472.9,486.4,503.3,514,522.1,537.8,547,556.1,565.4,589.5,603.2,618.4,635.7,648.3,661.9,673.6,689.4,693.9,717.9,728.9,748.7,775.7,795.2,813,811.7,841.8,850.9,851.2,855.5,846.4,855.1,865.5,874.5,890.3,907.8,917.1,926.8,909.5,913,938.5,963.9,1014.2,1018.2,1015.3,1018.5,974.4,959.3,947.9,933.5,916.1,923.1,922.8,921,890.3,878,907.9,965.7,1025.4,1068.7,1088.2,1096.7,1114.2,1151,1187.1,1205.3,1261.9,1297.5,1285.5,1300.8,1294.2,1316.5,1318.2,1332,1345.1,1373.6,1402.2,1390.7,1380.4,1356.8,1367.4,1362.3,1372.1,1372,1397.4,1415.4,1441,1459.3,1467.7,1494.1,1523,1528,1550.2,1557,1558.3,1559.6,1578,1593.2,1605,1450.3,1709.2,1627.3,1628.6,1705.7,1728.9,1745.9,1737,1739.7,1767.6,1782,1812.8,1823.6
    Rental income of persons with capital consumption adjustment,109,113.5,116.3,115.9,118.3,121.6,125.7,134,139.5,141.6,143.7,145.3,144.2,144.6,147.4,152.1,156.8,162.6,168,173.4,176.1,179.6,179.4,178.9,179.8,180.2,182.9,191,197.1,202.6,204.8,205.1,207.3,208.9,207.7,209.9,218.7,223.2,227.5,239,243,243.4,241.8,242.9,233.7,231.2,213.6,206,194.5,183.4,177.8,168.7,162.5,180.3,193.6,208.7,249.2,280.9,305.3,325.7,326.6,335.9,355.8,372,404.9,428.9,442.6,458.3,489.1,501.4,510.1,525.6,526.7,532.4,536.1,542.8,560.8,573.1,585.1,590.7,598.1,602.6,604.6,605.5,596.2,611.3,614.9,615.6,619.8,626.7,627.6,632.5,643,643.3,652.3,663.8,668.6,674.5,688.2,688.6,689.6,696.1,699.1,708,722.6,717.9,722.6,716.3,719.4,713.5,722.7,739.6,744.9,775.9,794.9,811.8,845,863.7
    Personal income receipts on assets,1015.2,1035.9,1057.7,1090.4,1112.7,1130.9,1144.3,1158.4,1170.8,1188.5,1210.7,1234.7,1251.4,1274.5,1294.9,1319.4,1353.9,1379.1,1385.2,1365.3,1349.7,1347.3,1367.2,1393,1432.6,1477.5,1512.9,1536.8,1528.9,1507,1474.9,1416,1397,1408.1,1413.1,1436.3,1444.5,1436.1,1455.3,1473.4,1473.6,1490.5,1507.5,1636.7,1598.1,1669.6,1713,1800.1,1882.7,1988,2015.8,2040.4,2087.1,2212.3,2231.6,2246.9,2248.2,2204.2,2222.5,2141.3,2006.9,1875.6,1783.9,1748.4,1763.3,1775.8,1780.5,1827.5,1887.8,1915.4,1935.6,2009.8,2081.4,2136,2078.6,2318.7,2026.1,2036.5,2074.2,2099,2167,2266.7,2336,2390.4,2447.6,2469.7,2478.9,2503.2,2517,2524.3,2549.9,2579.4,2645.5,2711.5,2723.3,2733.8,2758.1,2816.3,2878.4,2996.1,3047.7,3121.8,3148.6,3158,3144.3,3076.3,3043.8,3117.4,3132,3196.3,3222.9,3258.5,3269.9,3323,3358.8,3424,3452.6,3486.3
        Personal interest income,790.3,802.9,818.5,846.8,865.8,878.5,883.6,886.5,885.7,891,902.4,916.8,925.1,940.2,952.9,970.1,998.4,1020.9,1028.4,1014.1,1006.5,1006.8,1022,1035.7,1058.2,1091.8,1123.8,1152,1155.9,1139.8,1109.1,1044.5,1011.5,1010.6,1010.8,1026.3,1034.9,1025,1020.7,1000,960.1,949.5,960.8,991.2,1044,1100.8,1139,1185.8,1198.3,1272.8,1284.2,1280.5,1308.7,1393.3,1401.8,1413.1,1384.2,1378,1425.8,1409.8,1341.6,1314,1279.1,1268.1,1259.4,1252.2,1226,1234,1251.6,1255.1,1238.7,1277,1326,1349.5,1282,1316.7,1269,1256.4,1264.5,1272.6,1292.5,1322.2,1351.1,1381.5,1401.3,1447.5,1454.7,1463.7,1465.6,1456.6,1463.1,1475.5,1533,1547.1,1554.5,1561.2,1578.4,1600.9,1612.6,1643.5,1647.3,1664,1655.5,1665.8,1660.2,1638.6,1643.2,1647.2,1655.7,1665.4,1655.7,1657.5,1670.8,1708.6,1738.1,1789,1808.1,1826.1
        Personal dividend income,224.9,233,239.2,243.6,246.9,252.4,260.7,271.9,285.1,297.4,308.3,317.9,326.2,334.2,341.9,349.3,355.6,358.2,356.8,351.2,343.2,340.5,345.2,357.4,374.4,385.7,389.1,384.8,373,367.2,365.8,371.4,385.5,397.5,402.2,410,409.6,411.1,434.5,473.4,513.5,541,546.7,645.5,554.1,568.7,573.9,614.3,684.4,715.2,731.7,759.9,778.4,819,829.8,833.8,864,826.3,796.7,731.5,665.3,561.6,504.8,480.3,503.9,523.6,554.4,593.5,636.1,660.3,696.8,732.8,755.4,786.5,796.6,1002,757.1,780.1,809.7,826.4,874.5,944.5,984.9,1008.9,1046.3,1022.2,1024.2,1039.5,1051.4,1067.7,1086.8,1103.9,1112.5,1164.4,1168.8,1172.6,1179.7,1215.4,1265.8,1352.6,1400.4,1457.8,1493.1,1492.2,1484.1,1437.7,1400.6,1470.1,1476.3,1530.9,1567.3,1601,1599.1,1614.4,1620.7,1635,1644.5,1660.2
    Personal current transfer receipts,818.1,822.9,826.9,848,874,883.5,890.4,886,916,936.4,931.8,932.6,950.2,950,956.2,963.1,974.7,981.1,984.5,995.4,1014.6,1017.8,1030.9,1041.4,1056.7,1083.7,1098,1110.8,1155.6,1187.4,1192.2,1235.2,1260,1282.3,1292.1,1306.4,1324.2,1340.6,1361,1363.2,1397.1,1416,1425.5,1446.3,1488.1,1512.6,1528.3,1537.9,1588.3,1602.8,1628.3,1635.9,1706.7,1710.4,1732.7,1762.7,1802.9,2148.4,1941.4,1927.8,2039.7,2178.6,2176.3,2192.3,2303.2,2311.1,2336.1,2350.1,2361.8,2361.6,2352.1,2359.3,2340.4,2362.8,2364.7,2384.2,2403.5,2416.2,2434.5,2443.2,2474.1,2526.8,2568.2,2597.1,2644.1,2682.3,2699.1,2716.1,2745.4,2767.7,2787.1,2807.9,2831.4,2838.2,2869.8,2883.4,2938.7,2965.2,2990.1,3012.4,3105.7,3140.3,3162.7,3170.5,3212.4,5556.4,4385.7,3770.2,6022.3,4381.6,4139.6,3925.7,3868.7,3883.2,3892.8,3998.2,4057.5,4079
        Government social benefits to persons,805.3,810.1,813.6,833.8,857.9,865.6,870.7,864.6,893.2,912.9,908.5,910.7,930.5,931.3,937.2,942.7,951.8,956,957.4,966.4,983.4,985,996.1,1004.3,1016.9,1042.3,1054.7,1065.6,1107.8,1139.1,1145.2,1191.2,1221,1247.1,1259.9,1276.2,1294.6,1312.6,1335.5,1341.2,1379.6,1400.6,1409.8,1427.9,1464.4,1486,1501,1512.3,1566.7,1583.2,1608.5,1613.8,1680.2,1680.4,1700.2,1728.6,1768.2,2113,1905.3,1890.8,2001.9,2140,2136.9,2152.1,2262.2,2268.7,2292,2302.7,2313,2312.1,2303.2,2312.2,2296.8,2321.8,2325.6,2346.1,2365.7,2378.3,2396,2403.7,2433.2,2484.5,2524.6,2552.1,2597.7,2633.9,2647.8,2661.2,2686.2,2706.5,2726.3,2750.1,2779.1,2789.7,2823.4,2837.6,2891.7,2916.6,2939.2,2958.7,3048.6,3082.7,3107.3,3120.1,3169.8,5512,4344.3,3722.2,5962.9,4305.7,4064.4,3852.5,3797.7,3809.1,3823,3928.7,3986.2,4006.8
            Social security2,308.8,311.8,313,315.1,324.8,327.5,328.6,329.8,339.1,341.4,342.6,344.9,353.9,355.9,357.5,359.1,366.6,368.2,370.7,371.2,377,378.9,380.8,382.7,392.5,404.7,403.9,404.5,420.8,422.7,428.4,428.5,442.9,445.5,448.1,451.2,458.1,463.1,464.8,468.1,479.7,484.8,486.2,491.4,506.5,512.9,514,517.5,538,543.7,546.1,548.6,568.3,575,578.2,581.1,597.3,602.9,608.9,613.1,651.9,662.4,667.9,675.7,678.9,689.3,693.6,699,703.1,712,716,721.8,753.2,759.4,765.1,770.8,790,795.2,802.3,808.6,824.8,831.7,836.5,845.6,861.8,868.5,873.9,882.9,886.1,893.2,899.4,907.2,916.3,922,929.3,936.7,960.8,968.3,976.6,983.9,1019.2,1026.6,1034.4,1042.8,1068.2,1074.9,1080.3,1088.2,1105.7,1109.4,1116.8,1126.5,1198.7,1206.9,1214.6,1225.6,1340.1,1354
            Medicare3,156.9,162.2,167.1,171.6,175.7,179.6,183.2,186.5,189.6,192.9,196.5,200.4,204.4,207.1,208.3,207.9,206.4,205.3,205,205.5,206.6,207.9,209.4,211,213,216.1,220.7,226.7,233.8,240.4,245.8,250.3,254.1,257.9,261.6,265.2,268.9,273.4,279,285.5,293,300.4,308.6,315.4,323.2,329.2,335.1,341,389.6,395.6,402.1,409.1,416.4,424.1,432,440.3,448.8,457.3,465.9,474.5,482.9,490.4,496.7,501.8,506,510.5,515.7,521.4,527.6,533.4,538.5,542.9,547,551.6,557.1,563.4,570.3,567.1,573.7,580.2,587.5,595.6,604,612.8,622.4,631.5,639.5,646.4,652.4,658.6,665.2,672.2,678.5,687.4,696.3,705.1,714.3,725.6,739.2,755.3,772.6,785.8,793.7,796.3,795.3,808,822.1,837.5,857.6,875.4,889.5,900,908,911.8,920.3,941.6,960.5,967.3
            Medicaid,136.6,137.1,136.2,147.8,152.5,152.5,152.7,140.7,151.3,165.8,158.8,156.9,161.4,159.4,163.7,168,167.2,170,168.1,175.4,181.1,179.1,186.7,191.3,190.2,198.3,204.8,204.8,215,230.1,217.4,246.5,244.9,243.8,251.1,260.3,260.7,260.1,271.7,265.7,283.4,293,288.3,294.5,301.3,310.8,300.1,305.4,291.3,294.9,308.7,301.4,332.5,314.7,319.6,329.9,331.6,339.2,340.8,341.8,358.4,368.9,378.2,372.8,382.1,385.7,405.6,414.1,418.8,409.7,396.4,399.3,400.6,421.7,419,428.9,424.8,438.4,448.2,448.6,459.5,481.5,507.2,515.3,523.6,537.9,540.4,541.8,550.5,558.8,566.5,575.3,572.4,567.9,578.8,575.8,581.9,592.6,595,589.5,598.7,614.4,622.4,620.7,606.6,654.7,690.7,678.3,704.4,744.8,748.2,745,763.1,789.5,786.1,796.2,839.4,878.5
            Unemployment insurance,28,24.4,22.1,21.3,20.9,21.6,22,22.5,23,22.7,21.6,21.7,21,20.4,19.6,19.4,19.4,19.3,20.3,19.8,20.8,20.9,20.3,20,20.5,20,20.6,21.9,25.5,28.4,33.1,40.6,42.8,60.5,56.9,53.7,51.8,55.2,54.2,51.5,42.3,35.9,34.7,32.9,32.1,30.9,31.6,32.5,30.3,29.5,30.6,31.1,32.3,31.8,32.8,34,36.3,38.2,58.2,71.9,101.6,130.3,144.4,148.6,159.3,141.2,131,123.9,116.7,109.3,102.9,99.8,94.6,86.3,78.4,75.1,69,64.8,59.1,57.1,39,35.8,34,33,32.9,32.4,32.5,32.4,32.4,32.3,32.1,31.3,31.3,29.6,29.6,30.3,29.7,27,26.5,27.8,29.4,26.9,26.4,27.7,40.7,1007.5,792.9,308.5,556.2,448.6,245.1,33.8,23.6,18.6,18.5,20.4,22.8,23.1
            Veterans' benefits,19.7,19.6,19.8,19.8,20.6,20.5,20.6,20.5,21.4,21.7,21.3,21.4,22.4,22.2,22.2,22.4,23.3,23.2,23.2,23.4,24.2,24.1,24.1,24.1,25.1,24.9,24.9,25.1,26,26.3,26.4,27.6,28.6,29.3,29.9,30.4,31.2,31.7,32.2,32.2,33.3,33.7,34.4,34.8,36,36.2,36.6,36.8,38.2,38.7,39.1,39.5,40.5,41.7,41.9,42.6,44,44.7,45.5,45.9,49.6,50.4,52.1,54.1,55.9,57.2,58.9,59.9,61.6,62.4,64.6,64.5,67.2,69,71.3,72.9,76.5,78.4,80.5,80.9,81.4,83.3,85,87,90.2,92.5,93.6,94,93.8,94.8,97.3,101.2,105.8,110.4,113.7,115.7,117,118.5,120.5,122.9,125.7,129,132.5,136.5,140.6,144.2,147.3,149.8,151.8,153.3,155.1,156.4,157.7,159.7,161.7,164,166.2,167
            Other,155.4,155,155.6,158.1,163.5,164,163.7,164.7,168.8,168.4,167.7,165.4,167.4,166.4,165.9,165.8,168.8,169.9,170.1,171.2,173.7,174,174.8,175.1,175.6,178.3,179.9,182.7,186.6,191.3,194.1,197.7,207.6,210.1,212.3,215.4,224,229,233.7,238.2,248,252.7,257.7,258.8,265.4,266,283.6,279,279.3,280.8,281.8,284,290.2,293,295.6,300.8,310.3,630.8,386,343.7,357.5,437.5,397.6,399.2,480,484.9,487.3,484.4,485.2,485.4,484.8,484,434.2,433.9,434.6,435,435.2,434.3,432.2,428.2,441,456.7,457.9,458.4,466.8,471.2,467.9,463.8,471,468.7,465.9,462.9,474.7,472.4,475.8,474,487.9,484.6,481.3,479.3,503.1,500.1,498,496.2,518.4,1822.6,811,659.8,2587.1,974.2,909.6,890.9,746.6,722.7,721.7,780.8,657.3,616.9
"        Other current transfer receipts, from business (net)",12.8,12.8,13.2,14.2,16,17.8,19.6,21.4,22.8,23.5,23.2,21.9,19.7,18.7,19,20.4,22.8,25.1,27.1,28.9,31.2,32.8,34.8,37.1,39.8,41.5,43.3,45.2,47.9,48.3,47,43.9,39.1,35.2,32.3,30.2,29.6,28,25.5,22,17.5,15.4,15.7,18.4,23.7,26.7,27.3,25.6,21.6,19.7,19.9,22.1,26.5,30,32.5,34.1,34.7,35.4,36.1,36.9,37.8,38.6,39.4,40.2,41,42.4,44.1,47.4,48.8,49.5,48.9,47,43.5,41,39.1,38.1,37.8,37.9,38.5,39.5,40.9,42.2,43.6,45,46.4,48.5,51.3,54.8,59.2,61.2,60.7,57.8,52.4,48.5,46.3,45.8,47,48.7,50.9,53.7,57.1,57.6,55.4,50.4,42.6,44.4,41.4,48,59.5,76,75.2,73.2,71.1,74.1,69.8,69.5,71.3,72.2
"    Less: Contributions for government social insurance, domestic",498,505.1,511,518.5,525.5,530,535.4,540.3,543.2,551.6,559,566.5,574.4,581.9,590.5,602.2,610.3,619.7,629.5,639.2,650.2,655.7,663,676.2,696,698.4,711.6,717.3,732.3,733.1,732.4,735,743.1,751.5,754.3,757,763.3,773.9,783.8,796.1,809.2,823.6,839.2,844.9,858.1,866.3,879.5,889.5,913.2,918.1,922.6,936.2,955.7,957.3,960.6,972.1,984,986.2,991.5,991.7,959.8,966.3,963.8,967.2,973.6,984.5,987.4,989.5,911.8,914.5,922.9,917.4,940.3,944.7,947.6,969.4,1090.6,1103.1,1106.3,1117.2,1139.8,1144.5,1156.1,1173.8,1188.9,1200.9,1210.9,1218.3,1225.3,1231.4,1242.5,1256,1277.2,1289.7,1304.9,1323.9,1343.8,1353.6,1370.3,1378.7,1410.6,1418,1425.4,1444.4,1470.6,1400.3,1447.8,1481.3,1491.6,1521.7,1554,1595.8,1634.7,1654.4,1695.6,1703.7,1730.8,1749.8
Less: Personal current taxes,673.7,697.8,695.4,705.4,724.6,746.8,752.2,770,801.7,839.6,843.5,863.5,902.1,916.2,941.1,967.8,996.1,1022.4,1043.2,1068,1077.9,1095.2,1120.6,1154,1208.8,1230.2,1247.7,1258.7,1301.9,1308.9,1113.6,1231.8,1075.2,1051,1044.1,1038.4,1021.3,1020.8,950.7,1021.3,1012.3,1026.8,1064.4,1091.6,1172.3,1196.3,1225.5,1255.8,1320.5,1351.3,1358.6,1397.5,1466.5,1495.9,1498.9,1508.6,1535.1,1552.5,1497.5,1444.9,1202.4,1131.1,1135.3,1140.7,1191.8,1213.2,1256.3,1289.1,1426.6,1445.9,1471.4,1470.9,1468.3,1487.7,1510,1572,1650,1682.5,1674.9,1698.1,1744.8,1758.4,1798.6,1836.5,1904.6,1943,1947.3,1964.9,1924.6,1943.4,1972,1992.9,2004.1,2012,2054.8,2123.6,2072.8,2057.7,2086,2083.1,2160.2,2221.6,2195.8,2216,2249.1,2098.2,2237.5,2360.7,2509,2638.5,2693.2,2806.1,3145.5,3188.5,3236.5,3216.2,2906.2,2853.8
Equals: Disposable personal income,5134.3,5214.9,5283,5384,5456.6,5503.9,5577,5634.3,5719.2,5810.3,5882.3,5954,6037.2,6106,6194.2,6305.2,6438.4,6538.7,6624.9,6694.9,6781.2,6827.8,6917.7,7052.9,7234.6,7355.9,7499.2,7588.7,7707.3,7723.6,7896.1,7768.1,7966.4,8090.3,8144.2,8234.2,8292.3,8404.8,8608.3,8674.5,8780.1,8931,9039.2,9231.7,9172.9,9320.5,9460.6,9615.9,9860.6,9985,10077.1,10188.3,10357.5,10492.8,10570.4,10694.8,10800.2,11117,11011.1,10951.9,10854.7,10956.2,10898,11003.3,11129.4,11331.4,11425.7,11541.1,11749.3,11834.7,11942.3,12016,12317.9,12458.2,12412.6,12830.5,12369.5,12470.5,12569.2,12659.9,12880.3,13116.2,13300.9,13470.6,13593.2,13696.9,13809.6,13881.4,13994,14058.7,14179.6,14322.4,14547.9,14728.6,14866.6,15021.8,15282.2,15493,15714.5,15945.8,16185.2,16283.3,16459.6,16626.3,16784.6,18381.2,17781.7,17436.2,19586.5,18277.8,18312,18356.1,18174.4,18389.8,18733,19025.1,19613.1,19897.5
Less: Personal outlays,4783.9,4850.1,4925.8,5002.8,5042.6,5124.1,5195.4,5261.6,5337.7,5432.5,5492,5574.5,5658.1,5702.5,5815.8,5905.2,5961.5,6082.6,6181.1,6285.6,6358.1,6496.9,6604.6,6743.8,6902.9,7004.5,7127.7,7237.5,7315,7361.9,7389.1,7497.9,7520.6,7606.2,7691,7767.3,7859.7,7957.7,8117.1,8218.8,8356.6,8460.5,8603.8,8779.3,8891,9054.8,9229.1,9322.9,9474,9612.8,9750.4,9839.1,9988.2,10109.8,10232.7,10374.1,10433.3,10549.4,10578.1,10306,10214,10203.1,10335.7,10400.7,10495.1,10596.1,10685.3,10813.9,10937.9,11054.1,11135.2,11191.2,11342.4,11390.1,11441.9,11552.6,11651.9,11678,11766.6,11908.6,12019.9,12192.4,12350.2,12481.9,12518.3,12669.2,12799.7,12854.5,12947.8,13089.1,13218.4,13348,13517.5,13614.6,13747.6,13990.1,14185.1,14368.7,14521.2,14639.3,14679.9,14872.7,15037.8,15177.4,14983.4,13529.1,14857.8,15044.1,15597.8,16299.3,16643,17019,17389.5,17798.7,18124.5,18377.2,18772.2,19005.3
    Personal consumption expenditures,4621.2,4683.2,4752.8,4826.7,4862.4,4933.6,4998.7,5055.7,5130.6,5220.5,5274.5,5352.8,5433.1,5471.3,5579.2,5663.6,5721.3,5832.6,5926.8,6028.2,6102,6230.6,6335.3,6467,6618.2,6711.9,6820,6918.6,6995.3,7042.3,7070.3,7187.3,7217.7,7308,7397.1,7473,7567.2,7661.5,7820.9,7913.5,8048.8,8147.1,8283.3,8448.6,8551.7,8701.1,8868.1,8955.3,9100.2,9227.6,9353.8,9427.4,9572.1,9678.7,9798.4,9937.1,10004.4,10129.9,10159.1,9906.9,9815,9805.5,9939.4,10005,10101.8,10208.1,10300.8,10430.3,10558.2,10673,10755,10809.2,10959.3,11005.1,11059.4,11165.7,11265.6,11291,11379.2,11518.4,11618.1,11784.7,11934.3,12053.8,12083.9,12224.7,12347.8,12397.5,12495.1,12637.4,12759.1,12881.6,13049.4,13134,13260.3,13490.7,13677.3,13850.8,13988.8,14102.9,14145.9,14323.7,14482.2,14619,14440.2,13049.8,14388.7,14586,15131.5,15813.5,16147.3,16518,16874.8,17261.3,17542.7,17749.9,18113.1,18301.6
    Personal interest payments4,114.1,117.4,122.7,125.2,129.3,139.2,143.7,149.5,151.7,154.7,159.3,162.4,162.7,168,172.5,175.8,174.2,182,183.9,183.6,182.5,189.9,192.9,197.8,205.6,210.4,224.1,230.9,230.8,229.1,226.2,216.5,207.8,202.4,197.3,194.8,194.4,196.3,196.8,198.5,200.5,202.8,207.9,217.9,227.7,234.9,241.8,244.9,257.8,258.4,271.1,280.5,280,293.6,295.3,296.1,284.6,273.4,272.3,257.7,254.3,253,252.4,251.7,248.3,244.4,239.8,236.8,232,231,228.8,228,228.4,229.2,230.5,230.3,230.1,229.2,229.2,229.6,236.7,239.8,244.4,254.1,253.9,261.3,266.9,271.9,266.9,271.3,275,278,280.5,287,292.9,301.1,308.7,315.2,327.4,329.4,328.5,337.2,346.8,345.6,337.4,273,272.5,254,258.3,275.5,281.1,282.8,293.5,313.1,357.1,402.6,435.5,479.8
    Personal current transfer payments,48.6,49.6,50.3,50.9,50.8,51.3,53,56.5,55.5,57.3,58.2,59.3,62.3,63.1,64.2,65.8,65.9,68.1,70.4,73.7,73.6,76.4,76.5,78.9,79.1,82.1,83.6,88.1,88.9,90.6,92.5,94,95.1,95.8,96.6,99.5,98.1,100,99.4,106.9,107.3,110.6,112.6,112.8,111.6,118.8,119.3,122.7,116.1,126.8,125.6,131.3,136.1,137.5,139.1,140.9,144.2,146.2,146.7,141.3,144.8,144.5,144,144,144.9,143.6,144.7,146.8,147.7,150.1,151.4,154,154.7,155.8,152.1,156.6,156.2,157.9,158.2,160.7,165.1,167.9,171.5,174,180.5,183.2,185,185.1,185.9,180.4,184.4,188.5,187.6,193.6,194.3,198.3,199,202.7,205,207,205.5,211.8,208.8,212.8,205.8,206.3,196.6,204,208.1,210.2,214.5,218.2,221.3,224.2,224.7,224.7,223.7,223.9
        To government,30.1,30.7,31.2,31.6,31.9,32.3,32.9,33.5,34,34.6,35.2,35.8,37.2,38,38.6,39,39.1,39.3,40,41.1,42.3,43.5,44.7,45.8,46.9,48.1,49.3,50.6,51.5,52.5,53.4,54.3,55.2,56,56.8,57.6,58.5,59.7,61.1,62.7,64.8,66.4,67.7,68.7,70.3,71.2,72.1,73,74.4,74.9,75.5,76.3,78,78.8,79.6,80.3,80.5,81,81.2,81.2,80.6,80.3,79.9,79.5,79.5,79.3,79.3,79.5,80.4,81.5,82.7,84.1,85.2,86.3,86.9,86.8,86.6,86.8,87.5,88.9,90.9,92.6,94.2,95.7,99.4,100.7,101.6,101.9,103,103.1,103.4,104,105.4,106.1,107.1,108.5,110.7,112.3,113.9,115.5,116.8,117.4,117,115.5,110,108,107,107.3,108.3,109.6,111,112.4,114.1,115.4,116.4,117,117.8,118.5
        To the rest of the world (net),18.5,18.9,19.1,19.3,18.9,18.9,20.2,23,21.4,22.7,22.9,23.5,25.1,25.1,25.6,26.8,26.9,28.7,30.4,32.7,31.3,32.9,31.8,33.1,32.2,34,34.3,37.5,37.3,38.1,39.2,39.7,40,39.8,39.8,42,39.6,40.3,38.3,44.1,42.5,44.3,45,44.1,41.3,47.7,47.2,49.7,41.7,51.9,50,54.9,58.1,58.6,59.5,60.6,63.7,65.2,65.6,60.2,64.2,64.3,64.1,64.5,65.4,64.3,65.4,67.2,67.2,68.6,68.7,69.9,69.5,69.5,65.2,69.7,69.6,71.1,70.6,71.9,74.2,75.3,77.2,78.3,81,82.5,83.5,83.2,82.9,77.4,80.9,84.5,82.3,87.5,87.2,89.8,88.3,90.4,91.2,91.5,88.7,94.4,91.8,97.2,95.8,98.3,89.6,96.8,99.8,100.6,103.6,105.8,107.2,108.8,108.3,107.6,105.9,105.3
Equals: Personal saving,350.4,364.8,357.2,381.2,414,379.9,381.6,372.7,381.5,377.8,390.4,379.4,379.1,403.6,378.4,400,476.9,456.1,443.8,409.3,423.1,330.8,313.1,309.1,331.7,351.4,371.5,351.2,392.3,361.7,507,270.2,445.7,484.2,453.2,466.8,432.6,447.1,491.2,455.7,423.5,470.5,435.4,452.4,281.9,265.6,231.4,293,386.6,372.3,326.6,349.1,369.3,383,337.6,320.7,366.9,567.5,433,646,640.7,753.2,562.2,602.6,634.3,735.4,740.5,727.2,811.4,780.7,807.1,824.8,975.5,1068.1,970.7,1278,717.6,792.5,802.6,751.3,860.4,923.8,950.7,988.7,1074.9,1027.7,1009.9,1027,1046.2,969.6,961.2,974.3,1030.3,1114,1119,1031.7,1097.1,1124.3,1193.3,1306.5,1505.3,1410.6,1421.8,1448.9,1801.2,4852.1,2923.9,2392.1,3988.7,1978.6,1669.1,1337.1,784.9,591.1,608.5,647.9,840.9,892.3
    Personal saving as a percentage of disposable personal income,6.8,7,6.8,7.1,7.6,6.9,6.8,6.6,6.7,6.5,6.6,6.4,6.3,6.6,6.1,6.3,7.4,7,6.7,6.1,6.2,4.8,4.5,4.4,4.6,4.8,5,4.6,5.1,4.7,6.4,3.5,5.6,6,5.6,5.7,5.2,5.3,5.7,5.3,4.8,5.3,4.8,4.9,3.1,2.9,2.4,3,3.9,3.7,3.2,3.4,3.6,3.6,3.2,3,3.4,5.1,3.9,5.9,5.9,6.9,5.2,5.5,5.7,6.5,6.5,6.3,6.9,6.6,6.8,6.9,7.9,8.6,7.8,10,5.8,6.4,6.4,5.9,6.7,7,7.1,7.3,7.9,7.5,7.3,7.4,7.5,6.9,6.8,6.8,7.1,7.6,7.5,6.9,7.2,7.3,7.6,8.2,9.3,8.7,8.6,8.7,10.7,26.4,16.4,13.7,20.4,10.8,9.1,7.3,4.3,3.2,3.2,3.4,4.3,4.5
Addenda:,,,,,,,,,,,,,,,,,,,,,,,,,,,,,,,,,,,,,,,,,,,,,,,,,,,,,,,,,,,,,,,,,,,,,,,,,,,,,,,,,,,,,,,,,,,,,,,,,,,,,,,,,,,,,,,,,,,,,,
"    Personal income excluding current transfer receipts, billions of chained (2012) dollars5",7173,7276.3,7311.8,7404.7,7461.1,7501.8,7571,7647.9,7725.1,7822.4,7899,7968.5,8074,8165.6,8287.4,8436.3,8636.1,8780.8,8891.8,8979.8,9064.4,9092.9,9177.2,9327.5,9537.8,9641.2,9766.5,9822.7,9897.7,9840.8,9801.2,9731.1,9732.7,9757.4,9753.2,9793.9,9748,9854.8,9927.1,10040.8,10039,10146,10257.4,10403.6,10320.2,10425.7,10490.4,10607.4,10845.1,10908.4,10912.7,11089.6,11174.3,11256.5,11256.6,11255.5,11262.4,11141.6,11072.3,11147.5,10739,10580.6,10453.3,10473.1,10502.3,10711.7,10808.5,10879,11132.1,11130.6,11224.2,11253.9,11499.6,11609.3,11550.6,11943.8,11502.5,11613.8,11638.6,11693.4,11868.1,12000.3,12144.2,12331.6,12522.9,12563.2,12629.8,12712.6,12747.4,12726.7,12803.9,12879.8,13006.1,13146,13239,13352.2,13400,13484.8,13644.1,13781.8,13957.5,13986.3,14066.4,14178,14261.7,13513.4,14040.4,14335.3,14219.9,14401.8,14491.6,14589.6,14507.5,14453.7,14610.2,14609.8,14636.8,14712
    Disposable personal income:,,,,,,,,,,,,,,,,,,,,,,,,,,,,,,,,,,,,,,,,,,,,,,,,,,,,,,,,,,,,,,,,,,,,,,,,,,,,,,,,,,,,,,,,,,,,,,,,,,,,,,,,,,,,,,,,,,,,,,
"        Total, billions of chained (2012) dollars5",7380.7,7455,7498.5,7606.1,7671.1,7692.8,7763.3,7808.7,7882.6,7954.9,8019.3,8062,8138.8,8211,8307.6,8429.9,8607.4,8725.8,8813.7,8883.4,8980.4,8991.1,9059.7,9181,9341.5,9453,9575.4,9634.9,9713.4,9688.4,9899.7,9735.3,9963.9,10044.6,10059.5,10123.4,10117.5,10244.6,10424,10452.8,10499.2,10608.3,10684.3,10819.3,10688.3,10792,10837.2,10928,11147.9,11190.4,11212.8,11355.3,11439.5,11491.3,11511.2,11529.3,11548.8,11772.7,11537.5,11661.6,11636.7,11699.1,11557.3,11579.7,11667.4,11860.9,11936.6,11980.4,12094.8,12064.1,12117.7,12152.3,12375.7,12486.5,12404.8,12750.9,12248.6,12339.8,12387.2,12424.6,12580.4,12747.1,12890.1,13069.5,13243.4,13280.1,13357,13439.8,13541.6,13519.5,13584.8,13656.9,13790.4,13927.2,14006.8,14063.6,14204.8,14323.8,14476.9,14634.7,14823.4,14822.6,14944.2,15041.5,15130.1,16645,15969.6,15596,17328.1,15920.1,15734.4,15537.3,15108.8,15021.2,15140.6,15236.1,15549.6,15677.3
        Per capita:,,,,,,,,,,,,,,,,,,,,,,,,,,,,,,,,,,,,,,,,,,,,,,,,,,,,,,,,,,,,,,,,,,,,,,,,,,,,,,,,,,,,,,,,,,,,,,,,,,,,,,,,,,,,,,,,,,,,,,
            Current dollars,19578,19827,20021,20342,20561,20680,20888,21038,21302,21579,21776,21971,22220,22409,22657,22991,23417,23716,23954,24134,24384,24484,24728,25136,25718,26084,26521,26766,27122,27116,27649,27132,27764,28133,28249,28491,28633,28957,29584,29741,30045,30494,30787,31365,31099,31532,31925,32368,33119,33461,33682,33967,34455,34827,34994,35316,35586,36550,36114,35836,35445,35704,35432,35692,36029,36613,36840,37131,37734,37939,38203,38358,39252,39629,39401,40643,39120,39372,39601,39802,40422,41087,41576,42015,42324,42571,42830,42962,43233,43356,43640,43993,44618,45103,45444,45841,46579,47159,47759,48391,49066,49307,49768,50199,50627,55415,53580,52512,58998,55029,55077,55159,54581,55171,56121,56913,58609,59392
            Chained (2012) dollars,28144,28344,28417,28737,28905,28905,29076,29157,29359,29545,29687,29750,29954,30133,30387,30739,31305,31649,31868,32024,32292,32242,32385,32720,33208,33521,33863,33983,34182,34014,34665,34003,34725,34929,34892,35028,34935,35295,35825,35838,35927,36221,36390,36759,36237,36510,36570,36784,37442,37500,37478,37858,38054,38141,38109,38072,38053,38706,37840,38158,37999,38124,37576,37562,37771,38324,38487,38545,38843,38674,38764,38793,39436,39719,39376,40391,38737,38960,39028,39062,39481,39931,40292,40764,41235,41275,41426,41595,41835,41693,41809,41949,42295,42649,42816,42917,43295,43600,43997,44412,44937,44884,45186,45414,45636,50181,48120,46970,52195,47931,47324,46689,45375,45065,45359,45579,46466,46795
"    Population (midperiod, thousands)",262250,263020,263870,264678,265388,266142,267000,267820,268487,269251,270128,270991,271709,272487,273391,274246,274950,275703,276564,277400,278103,278864,279751,280592,281304,282002,282769,283518,284169,284838,285584,286311,286935,287574,288303,289007,289609,290253,290974,291669,292237,292875,293603,294334,294957,295588,296340,297086,297736,298408,299180,299946,300609,301284,302062,302829,303494,304160,304902,305616,306237,306866,307573,308285,308901,309488,310148,310817,311376,311940,312606,313258,313813,314373,315030,315685,316196,316733,317396,318072,318645,319228,319919,320611,321168,321744,322428,323110,323689,324265,324926,325557,326053,326554,327140,327692,328091,328526,329040,329522,329868,330245,330729,331208,331534,331699,331872,332045,331989,332149,332480,332786,332978,333321,333799,334282,334641,335019
    Percent change from preceding period:,,,,,,,,,,,,,,,,,,,,,,,,,,,,,,,,,,,,,,,,,,,,,,,,,,,,,,,,,,,,,,,,,,,,,,,,,,,,,,,,,,,,,,,,,,,,,,,,,,,,,,,,,,,,,,,,,,,,,,
"        Disposable personal income, current dollars",4.1,6.4,5.3,7.9,5.5,3.5,5.4,4.2,6.2,6.5,5.1,5,5.7,4.6,5.9,7.4,8.7,6.4,5.4,4.3,5.3,2.8,5.4,8,10.7,6.9,8,4.9,6.4,0.8,9.2,-6.3,10.6,6.4,2.7,4.5,2.9,5.5,10,3.1,5,7.1,4.9,8.8,-2.5,6.6,6.1,6.7,10.6,5.1,3.7,4.5,6.8,5.3,3,4.8,4,12.3,-3.8,-2.1,-3.5,3.8,-2.1,3.9,4.7,7.5,3.4,4.1,7.4,2.9,3.7,2.5,10.4,4.6,-1.5,14.2,-13.6,3.3,3.2,2.9,7.1,7.5,5.8,5.2,3.7,3.1,3.3,2.1,3.3,1.9,3.5,4.1,6.4,5.1,3.8,4.2,7.1,5.6,5.8,6,6.1,2.4,4.4,4.1,3.9,43.8,-12.4,-7.5,59.2,-24.2,0.8,1,-3.9,4.8,7.7,6.4,12.9,5.9
"        Disposable personal income, chained (2012) dollars",2.7,4.1,2.4,5.9,3.5,1.1,3.7,2.4,3.8,3.7,3.3,2.1,3.9,3.6,4.8,6,8.7,5.6,4.1,3.2,4.4,0.5,3.1,5.5,7.2,4.9,5.3,2.5,3.3,-1,9,-6.5,9.7,3.3,0.6,2.6,-0.2,5.1,7.2,1.1,1.8,4.2,2.9,5.2,-4.8,3.9,1.7,3.4,8.3,1.5,0.8,5.2,3,1.8,0.7,0.6,0.7,8,-7.8,4.4,-0.9,2.2,-4.8,0.8,3.1,6.8,2.6,1.5,3.9,-1,1.8,1.1,7.6,3.6,-2.6,11.6,-14.8,3,1.5,1.2,5.1,5.4,4.6,5.7,5.4,1.1,2.3,2.5,3.1,-0.7,1.9,2.1,4,4,2.3,1.6,4.1,3.4,4.3,4.4,5.3,0,3.3,2.6,2.4,46.5,-15.3,-9,52.4,-28.8,-4.6,-4.9,-10.6,-2.3,3.2,2.5,8.5,3.3